Ticker,Company Name,Field,Info,Address,Website
ACB,Ngân hàng Thương mại Cổ phần Á Châu,Tài chính và bảo hiểm,"Ngân hàng thương mại cổ phần Á Châu (ACB) đi vào hoạt động ngày 04 tháng 06 năm 1993. ACB hoạt động trên các lĩnh vực : Huy động vốn (nhận tiền gửi của khách hàng) bằng đồng Việt Nam, ngoại tệ và vàng; Sử dụng vốn (cung cấp tín dụng, đầu tư, hùn vốn liên doanh) bằng đồng Việt Nam, ngoại tệ và vàng; Các dịch vụ trung gian (thực hiện thanh toán trong và ngoài nước, thực hiện dịch vụ ngân quỹ, chuyển tiền kiều hối và chuyển tiền nhanh, bảo hiểm nhân thọ qua ngân hàng; Kinh doanh ngoại tệ và vàng; Phát hành và thanh toán thẻ tín dụng, thẻ ghi nợ; Cung cấp các sản phẩm - dịch vụ hỗ trợ du học với uy tín và chất lượng dịch vụ cao",Số 442 Nguyễn Thị Minh Khai - P. 5 - Q. 3 - Tp. HCM,http://www.acb.com.vn
APH,CTCP Tập đoàn An Phát Holdings,Sản xuất các sản phẩm nhựa và cao su,"Công ty Cổ phần Tập đoàn An Phát Holdings (APH), được thành lập năm 2017 với số vốn điều lệ ban đầu là 15 tỷ đồng. Lĩnh vực kinh doanh chính của Công ty là Sản xuất, bán và kinh doanh thương mại sản phẩm nhựa; Sản xuất sản phẩm và nguyên liệu sinh học phân hủy hoàn toàn; Sản xuất bao bì và hạt nhựa; Kinh doanh nhà xưởng, cho thuê đất và hạ tầng khu công nghiệp... An Phát có quy mô sản lượng sản xuất hơn 8,000 tấn/tháng. Ngày 28/07/2020, APH chính thức giao dịch trên Sở Giao dịch Chứng khoán Thành phố Hồ Chí Minh (HOSE)",Lô CN 11+CN12 - Cụm công nghiệp An Đồng - Thị trấn Nam Sách - H. Nam Sách - T. Hải Dương,https://anphatholdings.com/
ASM,CTCP Tập đoàn Sao Mai ,Sản xuất nông nghiệp,"Ngày 05/02/1997, Công ty Cổ phần Đầu tư và Xây dựng Sao Mai tỉnh An Giang được thành lập. Năm 2010, cổ phiếu ASM niêm yết và giao dịch trên Sở Giao dịch Chứng khoán Thành phố Hồ Chí Minh (HOSE). Công ty hoạt động chính trong các lĩnh vực Xây dựng công trình dân dụng, công nghiệp, giao thông; Sản xuất và mua bán vật liệu xây dựng; Kinh doanh bất động sản; Xuất khẩu thủy sản. Các dự án tiêu biểu công ty đã tham gia như Chuỗi khu đô thị cao cấp Sao Mai - Bình Khánh, Khu đô thị Sao Mai - Lấp Vò và các dự án bất động sản khác tại Tiền Giang, Bến Tre, Cần Thơ, Thanh Hoá, Đồng Tháp, Hòa Bình, Thành phố Hồ Chí Minh, Hà Nội. Bên cạnh đó, công ty còn đầu tư vào các dự án điện mặt trời.",Số 72 - Phố Trần Hưng Đạo - P. Trần Hưng Đạo - Q. Hoàn Kiếm - Tp. Hà Nội,http://www.saomainews.com.vn/
BCM,Tổng Công ty Đầu tư và Phát triển Công nghiệp – CTCP,Xây dựng và Bất động sản,"Tổng Công ty Đầu tư và Phát triển Công nghiệp - CTCP thành lập năm 1976. Các lĩnh vực kinh doanh chính bao gồm Phát triển và kinh doanh các khu công nghiệp và đô thị; Phát triển cơ sở hạ tầng giao thông; Phát triển đô thị và dịch vụ; Phát triển nhà ở xã hội; Đầu tư phát triển giáo dục - y tế; Phát triển thành phố thông minh (Smart city). Becamex IDC đang xây dựng và đưa vào sử dụng 40,000 căn hộ trong dự án tổng thể cung cấp 102,000 căn hộ cho Thuận An, Thủ Dầu Một, Bến Cát và Bàu Bàng. BCM được niêm yết trên Sở Giao dịch Chứng khoán Thành phố Hồ Chí Minh (HOSE) từ cuối tháng 07/2020.",Số 8 đường Hùng Vương - P. Hòa Phú - Tp. Thủ Dầu Một - Tỉnh Bình Dương,http://www.becamex.com.vn
BHN,Tổng Công ty cổ phần Bia - Rượu - Nước giải khát Hà Nội,Sản xuất đồ uống,"Tổng CTCP Bia - Rượu - Nước giải khát Hà Nội (BHN) thành lập năm 1890, tiền thân là nhà máy Bia Hommel được người Pháp xây dựng. Công ty hoạt động trong lĩnh vực sản xuất, kinh doanh bia, rượu, nước giải khát và bao bì; xuất nhập khẩu nguyên liệu, vật tư, thiết bị, phụ tùng, phụ liệu cho ngành bia rượu nước giải khát; dịch vụ chuyển giao khoa học công nghệ, tư vấn đầu tư; kinh doanh bất động sản... Thị trường tiêu thụ của BHN hiện tại chủ yếu tại các tỉnh phía Bắc và Bắc Trung Bộ. Công ty đặt mục tiêu mở rộng thị trường miền Trung và miền Nam, đồng thời đẩy mạnh xuất khẩu và quảng bá thương hiệu sản phẩm ra thị trường nước ngoài.",Số 183 - Phố Hoàng Hoa Thám - P. Ngọc Hà - Q. Ba Đình - Tp. Hà Nội,http://www.habeco.com.vn
BID,Ngân hàng TMCP Đầu tư và Phát triển Việt Nam,Tài chính và bảo hiểm,"Ngân hàng TMCP Đầu tư và Phát triển Việt Nam (BID) thành lập năm 1957, tiền thân là Ngân hàng Kiến thiết Việt Nam trực thuộc Bộ Tài chính. Năm 2014, cổ phiếu BID niêm yết Sở Giao dịch Chứng khoán Thành phố Hồ Chí Minh (HOSE). BID cung cấp dịch vụ ngân hàng thương mại cho các khách hàng cá nhân và doanh nghiệp. BID đã thiết lập mạng lưới ngân hàng đại lý với trên 2,300 định chế tài chính trên toàn cầu. Ngân hàng đang sở hữu 01 trụ sở chính, 190 chi nhánh trong nước, 01 chi nhánh tại Myanmar, 854 phòng giao dịch, 03 văn phòng đại diện tại Việt Nam (TP. Hồ Chí Minh, TP. Đà Nẵng và TP. Cần Thơ) và 06 văn phòng đại diện tại nước ngoài (Campuchia, Myanmar, Lào, Séc, Đài Loan, Liên bang Nga).",Tháp BIDV - Số 194 Trần Quang Khải - P. Lý Thái Tổ - Q. Hoàn Kiếm - Tp. Hà Nội,http://bidv.com.vn
BMP,CTCP Nhựa Bình Minh,Sản xuất các sản phẩm nhựa và cao su,"CTCP Nhựa Bình Minh (BMP) tiền thân là Nhà máy Công tư Hợp doanh Nhựa Bình Minh được thành lập năm 1977. Lĩnh vực hoạt động chính của BMP là sản xuất kinh doanh các sản phẩm dân dụng và công nghiệp từ chất dẻo và cao su. Những sản phẩm chính bao gồm ống nhựa, phụ tùng ống nhựa các loại, keo dán ống, bình phun thuốc trừ sâu và mũ bảo hộ lao động. Ngoài ra, Công ty cũng thiết kế, chế tạo, kinh doanh khuôn mẫu ngành nhựa, ngành đúc và sản xuất, kinh doanh máy móc thiết bị, vật tư, thiết bị vệ sinh cho ngành xây dựng, trang trí nội thất. BMP hiện sở hữu và vận hành 4 nhà máy sản xuất tại thành phố Hồ Chí Minh, Bình Dương, Long An và Hưng Yên với tổng công suất 130,000 tấn sản phẩm/năm.",240 Hậu Giang - P. 9 - Q. 6 - Tp. Hồ Chí Minh,http://www.binhminhplastic.com.vn
BVH,Tập đoàn Bảo Việt,Tài chính và bảo hiểm,"BVH có tiền thân là Công ty Bảo hiểm Việt Nam (Bảo Việt) được thành lập với vốn điều lệ ban đầu là 10 triệu đồng được thành lập năm 1964. Năm 2009, giao dịch cổ phiếu tại Sở Giao dịch Chứng khoán Thành phồ Hồ Chí Minh (HOSE). Năm 2012, Công ty bảo hiểm nhân thọ Sumitomo (Sumitomo Life) của Nhật Bản nhận chuyển nhượng 18% cổ phần của Bảo Việt từ HSBC Insurance, giá trị chuyển nhượng 340 triệu USD (7,100 tỷ đồng). Các sản phẩm dịch vụ chính của công ty bao gồm Bảo hiểm nhân thọ; Bảo hiểm phi nhân thọ; Tái bảo hiểm nhân thọ và phi nhân thọ; Tư vấn đầu tư, quản lý quỹ, đầu tư chứng khoán; Ngân hàng; Kinh doanh bất động sản. Tại Việt Nam, BVH hiện giữ vị trí số 1 trên thị trường bảo hiểm nhân thọ và thị trường bảo hiểm phi nhân thọ. ",Số 72 - Phố Trần Hưng Đạo - P. Trần Hưng Đạo - Q. Hoàn Kiếm - Tp. Hà Nội,http://www.baoviet.com.vn
BWE,CTCP Nước - Môi trường Bình Dương,Hệ thống thủy lợi và cung cấp nước,"CTCP Nước - Môi trường Bình Dương, có tiền thân là Trung tâm Cấp thủy Bình Dương, được thành lập từ trước năm 1975. Công ty hoạt động chính trong lĩnh vực khai thác, xử lý và cung cấp nước sạch phục vụ sinh hoạt đô thị và công nghiệp. Ngoài ra, BWE cũng tham gia cung cấp dịch vụ thu gom, thoát nước và xử lý rác thải; tái chế phế liệu. Công ty chính thức hoạt động theo mô hình công ty cổ phần từ năm 2016. BWE đang quản lý mạng lưới cấp nước trên địa bàn tỉnh Bình Dương. BWE được niêm yết và giao dịch trên Sở Giao dịch Chứng khoán Thành phố Hồ Chí Minh (HOSE) từ tháng 07/2017.",Số 11 - Đường Ngô Văn Trị - P. Phú Lợi - Tp. Thủ Dầu Một - T. Bình Dương,http://www.biwase.com.vn
CII,CTCP Đầu tư Hạ tầng Kỹ thuật Thành phố Hồ Chí Minh,Xây dựng và Bất động sản,"Năm 2001, Công ty Cổ phần Đầu tư Hạ tầng Kỹ thuật TP.HCM được thành lập bởi 03 cổ đông sáng lập, bao gồm: Quỹ Đầu tư Phát triển Đô thị TP.HCM (HIFU), Công ty Sản xuất Kinh doanh Thương mại và Dịch vụ Xuất nhập khẩu Thanh niên Xung phong Tp.HCM (VYC), Công ty cổ phần Đầu tư và Dịch vụ TP.HCM (INVESCO). Năm 2006, CII phát hành thành công 131.5 tỷ đồng trái phiếu chuyển đổi, tăng vốn điều lệ thêm 100 tỷ đồng và niêm yết trên Sở giao dịch chứng khoán TP.HCM (HOSE). Các lĩnh vực hoạt động chính bao gồm: cầu đường giao thông, hạ tầng khu dân cư, hạ tầng khu công nghiệp, sản xuất và cung ứng nước sạch, dịch vụ thu phí giao thông. Các công trình tiêu biểu khẳng định năng lực đầu tư, quản lý và vận hành dự án của CII có thể kể đến là dự án cầu đường Bình Triệu, dự án cầu Sài Gòn 2, dự án mở rộng Xa lộ Hà Nội, dự án liên tỉnh lộ 25B, dự án nhà máy BOO Nước Thủ Đức, dự án mạng phân phối nước Củ Chi.","Tầng 12, 152 Điện Biên Phủ - P. 25 - Q. Bình Thạnh - Tp. HCM - Việt Nam",http://www.cii.com.vn
CTD,CTCP Xây dựng Coteccons,Xây dựng và Bất động sản,"CTCP Xây dựng Coteccons (CTD) được thành lập năm 2004 trên cơ sở cổ phần hóa Khối Xây lắp - Công ty Kỹ thuật Xây dựng và Vật liệu Xây dựng thuộc Tổng Công ty Vật liệu Xây dựng số 1. CTD là nhà thầu xây dựng hàng đầu Việt Nam, thực hiện hàng loạt công trình trọng điểm trải dài từ Nam ra Bắc. Địa bàn xây dựng của Công ty tập trung ở những vùng trọng điểm kinh tế của cả nước như TP Hồ Chí Minh, Đồng Nai, Bình Dương, Bà Rịa - Vũng Tàu, Hà Nội, Bắc Ninh, Đà Nẵng, Nha Trang và các khu công nghiệp lớn. Một số công trình nổi bật của CTD như: Nhà máy bia Sài Gòn - Củ Chi, Trung tâm hội chợ triển lãm Sài Gòn, Khu nghỉ dưỡng và khách sạn cao cấp Nam Hải Resort, The Manor TP Hồ Chí Minh, The Manor Hà Nội, Chung cư cao cấp Everrich, Chung cư cao cấp River Garden, Cao ốc văn phòng Center Point, Cao ốc văn phòng Gemadept... Bên cạnh mảng xây dựng, Công ty đang hướng đến các mảng mới là kinh doanh bất động sản (thông qua công ty con Covestcons) và đầu tư hạ tầng (thông qua công ty liên kết là FCC) nhằm đa dạng hóa nguồn thu.",236/6 Điện Biên Phủ - P. 17 - Q. Bình Thạnh - Tp. HCM,https://www.coteccons.vn/
CTG,Ngân hàng TMCP Công Thương Việt Nam,Tài chính và bảo hiểm,"Ngân hàng TMCP Công thương Việt Nam (VietinBank, CTG) được thành lập trên cơ sở tách ra từ Ngân hàng Nhà nước vào năm 1988. Năm 2009, VietinBank cổ phần hóa và chính thức niêm yết cổ phiếu trên Sở Giao dịch Chứng khoán Thành phố Hồ Chí Minh (HOSE). VietinBank vẫn duy trì vị thế là một trong những ngân hàng thương mại cổ phần dẫn đầu về quy mô tổng tài sản và vốn chủ sở hữu. VietinBank có trụ sở chính đặt tại Hà Nội và đã phát triển mạng lưới hoạt động trong nước bao gồm 155 chi nhánh trải dài trên 63 tỉnh/thành phố, có 2 văn phòng đại diện ở Thành phố Hồ Chí Minh và Thành phố Đà Nẵng, 1 Trung tâm Tài trợ thương mại, 5 Trung tâm Quản lý tiền mặt, 3 đơn vị sự nghiệp (Trung tâm thẻ, Trung tâm công nghệ Thông tin, Trường Đào tạo & Phát triển Nguồn nhân lực VietinBank) và 958 phòng giao dịch. ",108 Trần Hưng Đạo - P. Cửa Nam - Q. Hoàn Kiếm - Tp. Hà Nội,http://www.vietinbank.vn
DBC,CTCP Tập đoàn Dabaco Việt Nam,Sản xuất thực phẩm,"CTCP Tập đoàn Dabaco Việt Nam (DBC) tiền thân là Công ty Nông sản Hà Bắc thành lập năm 1996. Năm 2005, Công ty chuyển sang hoạt động theo mô hình cổ phần. DBC chủ yếu sản xuất và cung cấp thức ăn chăn nuôi, thuốc thú y, giống gia súc gia cầm, phân bón và chế biến thức ăn. Bên cạnh đó, Công ty còn đầu tư vào xây dựng các khu công nghiệp và kinh doanh bất động sản. DBC là một trong những thương hiệu xuất hiện sớm nhất trên thị trường thức ăn chăn nuôi Việt Nam và là một trong 10 doanh nghiệp sản xuất thức ăn chăn nuôi lớn nhất cả nước.",Số 35 - Đường Lý Thái Tổ - P. Võ Cường - Tp. Bắc Ninh - T. Bắc Ninh,http://www.dabaco.com.vn
DCM,CTCP Phân bón Dầu khí Cà Mau,"Sản xuất hóa chất, dược phẩm","CTCP Phân bón Dầu khí Cà Mau (DCM) tiền thân là Công ty TNHH MTV Phân bón Dầu khí Cà Mau, trực thuộc Tập đoàn Dầu khí Quốc gia Việt Nam được thành lập năm 2011 để quản lý và vận hành Nhà máy Đạm Cà Mau. DCM chính thức hoạt động theo mô hình công ty cổ phần từ đầu năm 2015. Sản phẩm chủ lực của Công ty là đạm urea hạt đục, phân phối chính tại khu vực Tây Nam Bộ, Đông Nam Bộ và Đồng Bằng Sông Cửu Long. DCM sở hữu trực tiếp 01 nhà máy sản xuất urea với công suất thiết kế 800,000 tấn/năm và gián tiếp sở hữu Nhà máy Bao bì có công suất thiết kế 20 triệu bao/năm và 01 nhà máy sản xuất phân urea humate có công suất 30,000 tấn/năm thông qua công ty con - CTCP Bao bì Dầu khí Việt Nam. DCM hiện chiếm 35% thị phần phân urea và 10% thị phần toàn ngành phân bón cả nước. Bên cạnh thị trường truyền thống, Công ty đặt mục tiêu tiếp cận, thâm nhập thị trường tại khu vực Miền Bắc, Miền Trung và Tây Nguyên; đồng thời đẩy mạnh xuất khẩu phân bón sang các thị trường khu vực Châu Á như Campuchia, Thái Lan, Hàn Quốc, Phillippines, Bangladesh.",Lô D - KCN Phường 1 - Đường Ngô Quyền - P.1 - Tp.Cà Mau,http://www.pvcfc.com.vn
DGC,CTCP Tập đoàn Hóa chất Đức Giang,"Sản xuất hóa chất, dược phẩm","CTCP Bột giặt và Hóa chất Đức Giang (DGC) tiền thân là Công ty Hóa chất Đức Giang được thành lập năm 1963. Năm 2004, DGC chuyển sang hoạt động theo mô hình công ty cổ phần. DGC hoạt động trong lĩnh vực sản xuất và kinh doanh hóa chất tại các địa bàn chính gồm 4 tỉnh: Hà Nội, Lào Cai, Hải Phòng, Bình Dương. Các sản phẩm kinh doanh mang lại nguồn doanh thu chính cho Công ty là phốt pho vàng và bột giặt, chất tẩy rửa. Ngoài ra, DGC cũng sản xuất và kinh doanh thương mại nhiều sản phẩm hóa chất cơ bản khác. Công ty còn triển khai mở rộng sản xuất sang lĩnh vực hóa chất nông nghiệp, phân bón.",18/44 Phố Dức Giang - P.Lượng Thanh - Q.Long Biên - Tp.Hà Nội,http://www.ducgiangchem.vn
DGW,CTCP Thế Giới Số,"Bán buôn các mặt hàng điện, điện tử","CTCP Thế Giới Số (DGW) thành lập năm 1997, là một trong những công ty hàng đầu trong lĩnh vực buôn bán, sản xuất các thiết bị, linh kiện, phần mềm công nghệ thông tin. Sau hơn 2 thập kỷ hoạt động, DGW đã được 30 thương hiệu công nghệ nổi tiếng thế giới lựa chọn là nhà cung cấp dịch vụ phát triển thị trường và phân phối chính thức tại thị trường Việt Nam với hệ thống đại lý phân phối khoảng 16,000 điểm bán hàng trên toàn quốc. Các khách hàng lâu năm của Công ty là Acer, Dell và Toshiba, Logitech, Belkin, Schneider Electric.",Số 201 - 203 Cách Mạng Tháng 8 - P. 4 - Q. 3 - Tp. HCM,http://digiworld.com.vn
DHC,CTCP Đông Hải Bến Tre,Sản xuất giấy,"CTCP Đông Hải Bến Tre (DHC) tiền thân là Nhà máy Bao bì được thành lập thành lập năm 1994. Sản phẩm giấy và bao bì carton của Công ty hiện nay được tiêu thụ chủ yếu tại khu vực Đồng bằng sông Cửu Long, một số tỉnh miền Đông Nam Bộ và Thành phố Hồ Chí Minh. Đây là khu vực kinh tế trọng điểm của cả nước nơi tập trung nhiều doanh nghiệp sản xuất. Thị phần tiêu thụ giấy của Công ty tại Đồng bằng sông Cửu Long chiếm khoảng 20%. DHC là doanh nghiệp sản xuất giấy công nghiệp lớn thứ 4 tại Miền Nam. Công ty lấy hai dòng sản phẩm Kraft - bao bì carton làm trọng tâm phát triển, đẩy mạnh thị trường nội địa và tìm kiếm cơ hội xuất khẩu sang thị trường các nước trong khu vực.",Lô AIII - KCN Giao Long - X.An Phước - H.Châu Thành - Tỉnh Bến Tre,http://www.dohacobentre.com.vn
DHG,CTCP Dược Hậu Giang,"Sản xuất hóa chất, dược phẩm","Tiền thân của CTCP Dược Hậu Giang là Xí nghiệp quốc doanh Dược phẩm 2/9, thành lập ngày 02/9/1974. Đến ngày 02/9/2004, cổ phần hóa Xí nghiệp Liên hợp Dược Hậu Giang thành Công ty Cổ phần Dược Hậu Giang. Công ty hoạt động chính trong lĩnh vực sản xuất và kinh doanh dược phẩm, vật tư, trang thiết bị, dụng cụ y tế, thực phẩm chức năng và dược mỹ phẩm, và cung cấp dịch vụ chăm sóc sức khỏe. DHG được niêm yết trên Sở Giao dịch Chứng khoán Thành phố Hồ Chí Minh (HOSE) từ năm 2006.",Số 288 Bis Nguyễn Văn Cừ - P. An Hòa - Q. Ninh Kiều - Tp. Cần Thơ,http://www.dhgpharma.com.vn
DIG,Tổng Công ty cổ phần Đầu tư Phát triển Xây dựng,Xây dựng và Bất động sản,"Tổng CTCP Đầu tư Phát triển Xây Dựng thành lập từ năm 1990, tiền thân là Nhà nghỉ Bộ Xây dựng. Năm 2009, cổ phiếu công ty niêm yết trên sàn HOSE. Công ty hoạt động chính trong các lĩnh vực Đầu tư phát triển các khu đô thị mới và khu công nghiệp, phát triển nhà và hạ tầng kỹ thuật khu đô thị; Xây dựng các công trình công nghiệp và dân dụng, công trình hạ tầng kỹ thuật; Sản xuất và kinh doanh các chủng loại vật liệu xây dựng, kinh doanh các mặt hàng trang trí nội thất, ngoại thất, kinh doanh xăng dầu; Khai thác, chế biến khoáng sản làm vật liệu xây dựng, kinh doanh khai thác và vận chuyển đất, cát để san lấp mặt bằng; Khách sạn, dịch vụ du lịch, thương mại.",Số 265 Lê Hồng Phong - P. 8 - Tp. Vũng Tàu - Tỉnh Bà Rịa - Vũng Tàu,http://www.dic.vn
DPM,Tổng Công ty Phân bón và Hóa chất Dầu khí - CTCP,"Sản xuất hóa chất, dược phẩm","Tổng Công ty Phân bón và Hóa chất Dầu khí (DPM) là thành viên của Tập đoàn Dầu khí Quốc gia Việt Nam, được thành lập vào năm 2003. Năm 2007, Công ty chuyển thành công ty cổ phần và niêm yết trên sàn HOSE. Ngành nghề kinh doanh chính của DPM là sản xuất, kinh doanh phân bón và hóa chất. Hiện nay sản phẩm chủ lực của Tổng công ty là phân đạm (urê) hạt trong, phân NPK, Kali, SA, DAP phục vụ cho nền nông nghiệp của đất nước; khí Amoniac lỏng, hóa chất UFC85/Formaldehyde, H2O2, hóa chất sử dụng trong hoạt động khai thác dầu khí. Hoạt động sản xuất chính của DPM tiến hành tại Nhà máy đạm Phú Mỹ, đơn vị trực thuộc Tổng công ty, đặt tại Khu Công nghiệp Phú Mỹ 1 (Bà Rịa – Vũng Tàu).",Lầu 7 - Tòa nhà PVFCCo - 43 Mạc Đĩnh Chi - P.Đa Kao - Q.1 - Tp.HCM,https://www.dpm.vn/
DXG,CTCP Tập đoàn Đất Xanh,Xây dựng và Bất động sản,"Công ty Cổ phần Tập đoàn Đất Xanh (DXG) tiền thân là Công ty TNHH Dịch vụ và Xây dựng Địa ốc Đất Xanh được thành lập năm 2003. Công ty chuyển đổi sang hoạt động theo mô hình tập đoàn năm 2011 và được niêm yết giao dịch trên sàn HOSE năm 2009. Hiện tại công ty có hệ thống phân phối hàng đầu Việt Nam với hệ thống các chi nhánh, công ty thành viên, công ty liên kết, công ty liên doanh hoạt động trên khắp cả nước. DXG có những dự án nổi bật như: Khu đô thị 37 ha Bình Xuyên (Vĩnh Phúc), Khu đô thị 260 ha Yên Dũng (Bắc Giang), Dự án sân golf và biệt thự sinh thái Cam Ranh (Khánh Hòa), Gem Sky World (Đồng Nai), Khu đô thị công nghiệp 1,420ha Hậu Nghĩa (Long An).",2W Ung Văn Khiêm - P 25 - Q. Bình Thạnh - Tp. HCM,https://www.congtydatxanh.com/
EIB,Ngân hàng TMCP Xuất nhập khẩu Việt Nam,Tài chính và bảo hiểm,"Ngân hàng Xuất Nhập Khẩu Việt Nam chính thức đi vào hoạt động từ ngày 17/01/1990 với số vốn điều lệ đăng ký là 50 tỷ đồng (tương đương 12,5 triệu đô la Mỹ tại thời điểm thành lập ngân hàng). Năm 2009, tăng vốn điều lệ lên 8,800 tỷ đồng và niêm yết cổ phiếu trên Sở Giao dịch Chứng khoán Thành phố Hồ Chí Minh (HOSE). Các hoạt động kinh doanh của Eximbank bao gồm các lĩnh vực chủ yếu: Huy động vốn ngắn, trung và dài hạn theo các hình thức tiền gửi tiết kiệm, tiền gửi thanh toán, chứng chỉ tiền gửi;.....",Tầng 8 - Văn phòng số L8-01-11+16 Tòa nhà Vincom Center - Số 72 Lê Thánh Tôn - P. Bến Nghé - Q.1 - Tp. HCM,https://eximbank.com.vn/
FLC,CTCP Tập đoàn FLC,Xây dựng và Bất động sản,"CTCP Tập đoàn FLC (FLC), được chính thức ra đời từ sự hợp nhất của các công ty thành viên từ năm 2010. Ngành nghề kinh doanh chủ yếu là kinh doanh bất động sản, đặc biệt là Bất động sản nhà ở, bất động sản nghỉ dưỡng, trung tâm thương mại, văn phòng cho thuê, bất động sản khu công nghiệp. Ngoài ra, FLC còn kinh doanh dịch vụ khách sạn, nghỉ dưỡng; kinh doanh các cơ sở thể thao và kinh doanh thương mại khác. Các công trình tiêu biểu mà FLC đã thực hiện: FLC Sầm Sơn Beach & Golf Resort, FLC Star Tower, FLC Quy Nhơn Beach & Golf Resort, FLC Hạ Long Bay Golf Club & Luxury Resort, FLC Twin Tower và nhiều dự án lớn khác.",Tầng 29 Tòa nhà BamBoo Airways số 265 đường Cầu Giấy - P. Dịch Vọng - Q. Cầu Giấy - Tp. Hà Nội,http://flc.vn/
FPT,CTCP FPT,Công nghệ và thông tin,"Công ty Cổ phần FPT được thành lập năm 1988 với tiền thân là công ty công nghệ thực phẩm thuộc Viện nghiên cứu công nghệ quốc gia. Hiện tại Công ty hoạt động trong 03 lĩnh vực kinh doanh cốt lõi gồm: công nghệ, viễn thông và giáo dục. FPT sở hữu hơn 100 giải pháp phần mềm được cấp bản quyền trong các lĩnh vực chuyên biệt, là một trong 3 nhà cung cấp dịch vụ viễn thông hàng đầu Việt Nam với hạ tầng Internet phủ rộng 63 tỉnh thành. FPT tham gia vào lĩnh vực giáo dục đào tạo thông qua Trường Đại học FPT, Trường Đại học Trực tuyến FUNiX - trường đại học trực tuyến đầu tiên của Việt Nam. Bên cạnh đó, Công ty đầu tư vào các công ty liên kết trong lĩnh vực phân phối bán lẻ các sản phẩm công nghệ, chứng khoán và quản lý quỹ đầu tư. FPT được niêm yết trên Sở Giao dịch Chứng khoán Thành phố Hồ Chí Minh (HOSE) từ tháng 12/2006.",Số 10 - Phố Phạm Văn Bạch - P. Dịch Vọng Hậu - Q. Cầu Giấy - Tp. Hà Nội,https://fpt.com.vn
GAS,Tổng Công ty Khí Việt Nam - CTCP,Phân phối khí đốt thiên nhiên,"Tổng Công ty Khí Việt Nam (GAS, PV Gas) có tiền thân là Công ty Khí đốt được thành lập vào năm 1990, là đơn vị thành viên thuộc Tập đoàn Dầu Khí Quốc gia Việt Nam. PV Gas chủ yếu hoạt động trong lĩnh vực thu gom, vận chuyển, lưu trữ, chế biến, xuất khẩu, nhập khẩu, kinh doanh khí và các sản phẩm khí. Địa bàn kinh doanh của Công ty trải rộng khắp cả nước, tập trung các công trình tại Thái Bình, TP.HCM, Vũng Tàu, Cà Mau. Hiện nay, PV GAS đang cung ứng ra thị trường 03 loại sản phẩm chính: Khí khô, khí dầu mỏ hóa lỏng (LPG) và Condensate. Ngoài ra, PV GAS còn có sản phẩm từ khí khô là khí thiên nhiên nén (CNG) hiện nay và khí thiên nhiên hóa lỏng (LNG) trong tương lai.",Tòa nhà PV Gas Tower - số 673 Nguyễn Hữu Thọ - P. Phước Kiển - H. Nhà Bè - Tp. HCM,https://www.pvgas.com.vn/
GEG,CTCP Điện Gia Lai,"Phát, truyền tải và phân phối điện năng","Công ty Cổ phần Điện Gia Lai (GEG) được thành lập vào tháng 06/1989. Hoạt động sản xuất chính của Công ty là sản xuất, truyền tải, phân phối và kinh doanh điện năng. GEG chính thức hoạt động theo mô hình công ty cổ phần từ năm 2010. Công ty đã trực tiếp đầu tư và góp vốn đầu tư xây dựng 15 nhà máy thủy điện với tổng công suất hơn 84.5 MW. Ngày 19/09/2019, GEG chính thức giao dịch tại Sở Giao dịch Chứng khoán Thành phố Hồ Chí Minh.",Số 114 Trường Chinh - P. Phù Đổng - Tp. Pleiku - T. Gia Lai,http://www.geccom.vn
GEX,CTCP Tập đoàn GELEX,"Sản xuất trang thiết bị, dụng cụ điện","Tổng CTCP Thiết bị điện Việt Nam (Gelex, GEX) được thành lập năm 1990, tiền thân là Tổng công ty Thiết bị Kỹ thuật điện. Lĩnh vực kinh doanh chính của GEX là sản xuất thiết bị điện, đồng thời mở rộng sang các lĩnh vực khác bao gồm: Tiện ích (Năng lượng và Nước sạch), Logistics (Dịch vụ Logistics và Hạ tầng) và Bất động sản. GEX sở hữu các thương hiệu hàng đầu trong lĩnh vực Thiết bị điện (CADIVI, THIBIDI, HEM, EMIC, EEMC), hậu cần (SOTRANS, VIETRANSTIMEX, SOWATCO). Mạng lưới kinh doanh của GEX tập trung tại Hà Nội, TP.HCM, Đà Nẵng, Đồng Nai. Khách hàng của Công ty bao gồm nhiều tập đoàn lớn như: EVN, PetroVietnam, Vinacomin, Vicem, VNSteel, Vinaconex.",Số 52 Phố Lê Đại Hành - P. Lê Đại Hành - Q. Hai Bà Trưng - Tp. Hà Nội,http://gelex.vn
GMD,CTCP Gemadept ,Vận tải và kho bãi,"CTCP Gemadept có tiền thân là CTCP Đại lý Liên hiệp Vận chuyển, được thành lập vào năm 1990. Công ty tập trung phát triển 2 lĩnh vực kinh doanh cốt lõi là Khai thác cảng và Logistics. GMD sở hữu hệ thống Cảng và hạ tầng Logistics trải dài từ Bắc vào Nam (Hà Nội, Hải Phòng, Hải Dương, Bắc Ninh, Hưng Yên, Quảng Ngãi, Tây Nguyên, TP.HCM, Bình Dương, Đồng Nai, Bà Rịa Vũng Tàu, Cần Thơ, ĐBSCL…) và các quốc gia lân cận (Singapore, Hong Kong, Trung Quốc, Campuchia…). Trong lĩnh vực Khai thác cảng, GMD có chuỗi 6 cảng đang vận hành và tiếp tục phát triển cảng biển nước sâu Gemalink quy mô hàng đầu cả nước. Trong lĩnh vực Logistics, GMD có hệ thống các Trung tâm phân phối phủ rộng tại các vùng kinh tế trọng điểm, tổng diện tích hàng trăm nghìn mét vuông. GMD được niêm yết trên Sở Giao dịch Chứng khoán Thành phố Hồ Chí Minh (HOSE) từ năm 2002.",Cao ốc Gemadept - 2bis - 4 - 6 Lê Thánh Tôn - P.Bến Nghé - Q.1 - Tp.HCM,http://www.gemadept.com.vn
GTN,CTCP GTNFoods,Sản xuất thực phẩm,"Công ty Cổ phần GTNfoods được thành lập ngày 30/05/2011, với vốn điều lệ 80 tỷ đồng, chuyên hoạt động kinh doanh trong lĩnh vực như sản xuất tre công nghiệp, xây dựng hạ tầng, khoáng sản, vật liệu xây dựng, nhựa, nông sản và thực phẩm. GTNfoods tập trung vào đổi mới sản phẩm để đạt được sự xuất sắc, những nỗ lực tiên phong của Việt Nam trong thực phẩm tươi sống và an toàn cho thị trường trong nước và quốc tế.",Số 92 Đường Võ Thị Sáu - P.Thanh Nhàn - Q.Hai Bà Trưng - Tp.Hà Nội,http://gtnfoods.com.vn/
GVR,Tập đoàn Công nghiệp Cao su Việt Nam - CTCP,"Sản xuất hóa chất, dược phẩm","Tập đoàn Công nghiệp Cao su Việt Nam - Công ty Cổ phần thành lập năm 1975. GVR tập trung vào 5 lĩnh vực kinh doanh chính bao gồm Trồng, chế biến, kinh doanh cao su; Chế biến gỗ; Sản phẩm công nghiệp cao su; Đầu tư kinh doanh hạ tầng khu công nghiệp; Nông nghiệp ứng dụng công nghệ cao. GVR có thế mạnh và nguồn lực lớn về đất đai để phát triển trồng rừng nguyên liệu. Ngoài ra, với diện tích cao su thanh lý bình quân dao động 10,000 -12,000 ha/năm, GVR có lợi thế lớn trong việc đảm bảo cung cấp nguồn nguyên liệu để chế biến, sản xuất các sản phẩm gỗ. GVR được giao dịch trên Sở Giao dịch Chứng khoán Thành phố Hồ Chí Minh (HOSE) từ tháng 03/2020.",Số 236 Nam Kỳ Khởi Nghĩa - Q. 3 - Tp. HCM,http://www.rubbergroup.vn
HAG,CTCP Hoàng Anh Gia Lai,Sản xuất nông nghiệp,"CTCP Hoàng Anh Gia Lai (HAG) tiền thân là xí nghiệp tự doanh Hoàng Anh thành lập vào năm 1993. Năm 2006, Công ty chuyển sang hoạt động theo mô hình cổ phần với vốn điều lệ 296 tỷ đồng. Các lĩnh vực kinh doanh của Công ty thay đổi theo 3 giai đoạn chính: giai đoạn khởi nghiệp 1990-1993 (sản xuất đồ gỗ), giai đoạn đại chúng hóa 2002-2012 (bất động sản), giai đoạn tái cấu trúc từ 2013 (đẩy mạnh đầu tư vào nông nghiệp; thoái vốn bất động sản, thủy điện, mía đường, khoáng sản). Hiện tại, HAG đang sở hữu 47,122 ha cao su, 18,675 ha cây ăn trái và 20,488 ha cọ dầu tại Việt Nam, Lào, Campuchia. Về thị trường tiêu thụ, Tập đoàn đang phát triển kênh phân phối xuất khẩu sang các thị trường giàu tiềm năng như Trung Quốc, Hàn Quốc, Singapore… đồng thời cũng chú trọng khai thác thị trường nội địa.",15 Trường Chinh - P. Phù Đổng - Tp. Pleiku - Tỉnh Gia Lai,http://www.hagl.com.vn
HBC,CTCP Tập đoàn Xây dựng Hòa Bình,Xây dựng và Bất động sản,"Công ty thành lập từ năm 1987. Đến năm 2006, cổ phiếu HBC niêm yết và giao dịch trên Sở Giao dịch Chứng khoán Thành phố Hồ Chí Minh (HOSE). HBC hoạt động chính trong các lĩnh vực Xây dựng công trình dân dụng và công nghiệp; San lấp mặt bằng; Tư vấn xây dựng; Sản xuất mua bán vật liệu xây dựng, hàng trang trí nội thất; Dịch vụ sửa chữa nhà và trang trí nội thất; Kinh doanh bất động sản và phát triển khu công nghiệp. HBC là nhà thầu chính dự án Vietinbank Tower (Hà Nội) - công trình cao nhất Việt Nam (cao 363m) và dự án Saigon Centre (TP.HCM) - công trình sâu nhất Việt Nam với 6 tầng hầm (sâu 28m) tại thời điểm thi công.",235 Võ Thị Sáu - P. Võ Thị Sáu - Q.3 - Tp.HCM,https://hbcg.vn/
HCM,CTCP Chứng khoán Thành phố Hồ Chí Minh,Tài chính và bảo hiểm,"CTCP Chứng khoán Thành Phố Hồ Chí Minh (HCM) được thành lập vào năm 2003 trên cơ sở hợp tác chiến lược và đầu tư của Quỹ Đầu tư Phát triển Đô thị Thành phố Hồ Chí Minh (HIFU) và Tập đoàn Dragon Capital của Anh Quốc. HSC là một trong những Công ty chứng khoán có hoạt động kinh doanh, tài chính tốt nhất Việt Nam. Dịch vụ kinh doanh của HSC thông qua bốn mảng : Môi giới chứng khoán, Ngân hàng Đầu tư, Phân tích và Đầu tư vốn. HCM được niêm yết và giao dịch trên Sở Giao dịch Chứng khoán Thành phố Hồ Chí Minh (HOSE) từ năm 2009.",Lầu 5&6 Tòa nhà AB - Số 76 Lê Lai - P.Bến Thành - Q.1 - Tp.HCM,http://www.hsc.com.vn
HDB,Ngân hàng TMCP Phát triển TP. HCM,Tài chính và bảo hiểm,"Ngân hàng TMCP Phát triển Thành phố Hồ Chí Minh (HDB) được thành lập năm 1989. Năm 1992, HDB chính thức chuyển đổi thành ngân hàng thương mại cổ phần với vốn điều lệ là 5 tỷ đồng. HDB có 01 Hội sở chính tại Hồ Chí Minh, 01 Văn phòng đại diện tại Hà Nội, 01 Văn phòng đại diện tại Myanmar và 305 chi nhánh, phòng giao dịch trải rộng trên toàn lãnh thổ Việt Nam. Hệ thống mạng lưới rộng của HDBank và HD Saison đang phục vụ gần 7 triệu khách hàng, đặc biệt tại các khu vực nông thôn.",Số 25Bis Nguyễn Thị Minh Khai - P. Bến Nghé - Q.1 - Tp. HCM,http://www.hdbank.com.vn/
HDG,CTCP Tập đoàn Hà Đô,Phân phối khí đốt thiên nhiên,"CTCP Hà Đô (HDG) tiền thân là xí nghiệp xây dựng của Bộ Quốc phòng được thành lập năm 1990. Năm 2004, Công ty chuyển đổi sang mô hình công ty cổ phần. HDG hoạt động trong 4 lĩnh vực chính là bất động sản, năng lượng, xây lắp, thương mại dịch vụ. Trong lĩnh vực bất động sản, các dự án của HDG tập trung ở những vị trí đẹp của thành phố Hà Nội, Hồ Chí Minh và đều là đất sạch. Phần quỹ đất có nguồn gốc từ Bộ Quốc Phòng chiếm khoảng 50% tổng quỹ đất, phần đất không có nguồn gốc từ Bộ Quốc Phòng đều là đất sạch. Một số dự án tiêu biểu của Công ty bao gồm Hado Dragon City, Khu đô thị mới Dịch vọng (Hà Nội); Nongtha Central Park, Hado Centrosa Garden, Hado Green Lane (TP.HCM). Trong lĩnh vực năng lượng, HDG đang sở hữu 6 nhà máy thủy điện tại các tỉnh Quảng Nam, Nghệ An, Bình Thuận.",Số 8 Láng Hạ - P. Thành Công - Q. Ba Đình - Tp. Hà Nội,http://www.hado.com.vn
HHS,CTCP Đầu tư Dịch vụ Hoàng Huy,Bán buôn xe cơ giới và phụ tùng xe cơ giới,"CTCP Đầu tư Dịch vụ Hoàng Huy (HHS) được thành lập năm 2008 với vốn điều lệ 90 tỷ đồng góp bởi 3 cổ đông sáng lập. HHS hoạt động trong hai lĩnh vực chính là kinh doanh xe ô tô tải và đầu tư, phát triển bất động sản. Công ty là nhà phân phối độc quyền sản phẩm ô tô tải của nhãn hiệu Dongfeng - Hồ Bắc Trung Quốc, sản phẩm chính là dòng xe tải hạng trung và hạng nặng. Đến nay, hệ thống chi nhánh đại lý của Công ty đã có mặt tại các thành phố lớn của Việt Nam, gồm phòng trưng bày xe, cửa hàng phụ tùng, xưởng sửa chữa. Hiện tại, HHS đang chuyển dịch cơ cấu kinh doanh từ lĩnh vực kinh doanh truyền thống là ô tô sang lĩnh vực bất động sản.",116 Nguyễn Đức Cảnh - P. Cát Dài - Q. Lê Chân - Tp. Hải Phòng,http://www.hoanghuyhhs.vn
HNG,CTCP Nông nghiệp Quốc tế Hoàng Anh Gia Lai,Sản xuất nông nghiệp,Công ty cổ phần Nông nghiệp Quốc tế Hoàng Anh Gia Lai (HAGL Agrico) được thành lập vào năm 2010 khi Công ty cổ phần Hoàng Anh Gia Lai (Công ty mẹ) thực hiện chương trình tái cấu trúc tập đoàn. Công ty hiện đang hoạt động với các sản phẩm chủ lực là cao su và cây ăn trái. Các dự án nông nghiệp của Công ty nằm tại tam giác phát triển Việt Nam - Lào - Campuchia trong phạm vi khoảng cách khoảng 200km.,15 Trường Chinh - P. Phù Đổng - Tp. Pleiku - Tỉnh Gia Lai.,http://www.haagrico.com.vn/
HPG,CTCP Tập đoàn Hòa Phát,Sản xuất các sản phẩm kim loại cơ bản,"CTCP Tập đoàn Hòa Phát là doanh nghiệp sản xuất công nghiệp hàng đầu Việt Nam, khởi đầu với lĩnh vực buôn bán các loại máy xây dựng và mở rộng sang các lĩnh vực nội thất, ống thép, thép xây dựng, điện lạnh, bất động sản và nông nghiệp. Trong đó, sản xuất thép là lĩnh vực cốt lõi chiếm tỷ trọng trên 80% doanh thu và lợi nhuận của Tập đoàn, nổi bật là các sản phẩm thép xây dựng và ống thép với thị phần lần lượt là 32.5% và 31.7%. Hiện nay, Tập đoàn Hòa Phát có 11 công ty thành viên hoạt động trên phạm vi toàn quốc, và 01 văn phòng tại Singapore.",KCN Phố Nối A - X. Giai Phạm - H. Yên Mỹ - T. Hưng Yên,http://www.hoaphat.com.vn
HPX,CTCP Đầu tư Hải Phát ,Xây dựng và Bất động sản,"Công ty Cổ phần Đầu tư Hải Phát (HPX) có tiền thân là Công ty Cổ phần Xây dựng - Du lịch Hải Phát được thành lập vào năm 2003. Lĩnh vực kinh doanh chính của công ty bao gồm Kinh doanh bất động sản, xây dựng nhà các loại, xây dựng công trình đường sắt và đường bộ, xây dựng công trình kỹ thuật dân dụng khác. HPX chính thức niêm yết trên Sở Giao dịch Chứng khoán Thành phố Hồ Chí Minh (HOSE) từ năm 2018. Một số dự án Công ty đã thực hiện: Dự án Khu đô thị Văn Phú - Hà Đông - Hà Nội, Dự án Khu đô thị Tân Tây Đô - Đan Phượng - Hà Nội, Dự án Tổ hợp thương mại dịch vụ và căn hộ THE PRIDE - La Khê - Hà Đông - Hà Nội. ",Tầng 5 - Tòa CT3 - The Pride - Khu ĐTM An Hưng - P. La Khê - Q. Hà Đông - Tp. Hà Nội,http://www.haiphat.com.vn/
HSG,CTCP Tập đoàn Hoa Sen,Sản xuất các sản phẩm kim loại cơ bản,"Được thành lập vào 08/08/2001, với vốn điều lệ là 30 tỷ đồng, Hoa Sen Group đã trở thành một trong những Doanh nghiệp điển hình nhất khu vực Đông Nam Bộ. Trong đó, lĩnh vực trọng tâm của Hoa Sen Group là sản xuất và phân phối các sản phẩm vật liệu xây dựng thông qua chiến lược phát triển bền vững dựa trên chuỗi lợi thế cạnh tranh cốt lõi, song song với mục tiêu phát triển cộng đồng, bảo vệ môi trường, góp phần mang lại giá trị cao nhất cho cổ đông, người lao động, người tiêu dùng và xã hội.",Số 9 Đại lộ Thống Nhất - KCN Sóng Thần II - P. Dĩ An - Tp. Dĩ An - T. Bình Dương,https://www.hoasengroup.vn/
HT1,CTCP Xi măng Hà Tiên 1,Sản xuất sản phẩm khoáng chất phi kim,"Vicem Hà Tiên tiền thân là Nhà máy Xi măng Hà Tiên do hãng VENOT.PIC Cộng Hòa Pháp cung cấp thiết bị và được khởi công xây dựng vào ngày 15/4/1961. Ngày 21/3/1964, Nhà máy chính thức đi vào hoạt động với 01 dây chuyền sản xuất clinker theo phương pháp ướt gồm 02 lò nung công suất 240,000 tấn/năm đặt tại Kiên Lương – Kiên Giang và 01 dây chuyền sản xuất xi măng công suất 300,000 tấn/năm đặt tại Thủ Đức – Thành phố Hồ Chí Minh. Vicem Hà Tiên niêm yết trên sàn HOSE vào ngày 31/10/2007 và giao dịch chính thức vào ngày 13/11/2007 với mã chứng khoán là HT1.",360 Bến Chương Dương - P.Cầu Kho - Q.1 - Tp.HCM,http://www.hatien1.com.vn
HVN,Tổng Công ty Hàng không Việt Nam - CTCP,Vận tải và kho bãi,"Tổng Công ty Hàng không Việt Nam thành lập ngày 27 tháng 05 năm 1995. Ngày 03/01/2017, Chính thức được giao dịch trên thị trường UPCOM. Ngày 07/05/2019: Giao dịch trên Sở Giao dịch Chứng khoán Thành phố Hồ Chí Minh (HOSE). Các ngành nghề kinh doanh chính bao gồm Vận tải khách hàng, hàng hóa; Hoạt động dịch vụ hỗ trợ trực tiếp cho vận tải hàng không; Hoạt động hàng không chung; Dịch vụ chuyên ngành hàng không khác; Cung ứng dịch vụ thương mại, du lịch, khách sạn, bán hàng; Sửa chữa và bảo dưỡng phương tiện vận tải; Sản xuất thiết bị đo lường, kiểm tra, định hướng và điều khiển.",Số 200 Nguyễn Sơn - P. Bồ Đề - Q. Long Biên - TP. Hà Nội,http://www.vietnamairlines.com
IJC,CTCP Phát triển Hạ tầng Kỹ thuật,Xây dựng và Bất động sản,"Công ty Cổ phần Phát triển Hạ tầng Kỹ thuật (IJC) được thành lập vào năm 2007. Hoạt động kinh doanh chính là khai thác và quản lý thu phí giao thông, và đầu tư kinh doanh bất động sản. IJC hiện đang thực hiện thu phí giao thông trên tuyến Quốc lộ 13, tỉnh Bình Dương. Bên cạnh đó, Công ty còn tham gia đầu tư phát triển và kinh doanh bất động sản với các dự án như Khu biệt thự Sunflower, Chung cư IJC Aroma, Khu đô thị IJC. IJC được niêm yết và giao dịch trên Sở Giao dịch Chứng khoán Thành phố Hồ Chí Minh (HOSE) năm 2010.",Tầng 5 Becamex Tower - 230 Đại lộ Bình Dương - Phú Hòa - Bình Dương,http://www.becamexijc.com
IMP,CTCP Dược phẩm Imexpharm,"Sản xuất hóa chất, dược phẩm","Công ty Cổ phần Dược phẩm Imexpharm (IMP) chuyên sản xuất kinh doanh, xuất nhập khẩu sản phẩm tân dược, dụng cụ y tế, nguyên phụ liệu ngành. Công ty có 2 nhà máy sản xuất chính đặt tại khu trụ sở thuộc tỉnh Đồng Tháp đạt tiêu chuẩn GMP - ASEAN, hệ thống kho đạt tiêu chuẩn GSP - ASEAN và Phòng thí nghiệm đạt tiêu chuẩn GLP - ASEAN. IMP được cấp visa Châu Âu cho sản phẩm thuốc Cephalexin 500mg và được cấp giấy chứng nhận WHO-GMP cho nhà máy sản xuất Thực phẩm bảo vệ sức khỏe. Sản phẩm sản xuất tập trung các nhóm hạ sốt giảm đau, kháng sinh, vitamin, thực phẩm chức năng.",Số 4 Đường 30/4 - P. 1 - Tp. Cao Lãnh - T. Đồng Tháp,http://www.imexpharm.com
ITA,CTCP Đầu tư và Công nghiệp Tân Tạo,Xây dựng và Bất động sản,"Công ty Cổ phần Đầu tư và Công nghiệp Tân Tạo thành lập năm 1996. Năm 2006, Tân Tạo đã chính thức niêm yết trên Sở Giao dịch Chứng khoán Thành phố Hồ Chí Minh và là khu công nghiệp đầu tiên trên cả nước được niêm yết trên sàn giao dịch chứng khoán. Lĩnh vực hoạt động chính của Tập đoàn Tân Tạo bao gồm: đầu tư, phát triển, xây dựng, khai thác thương mại các khu công nghiệp, cung cấp các dịch vụ hỗ trợ trong khu công nghiệp bao gồm cả xúc tiến kinh doanh, cho thuê nhà xưởng, thiết bị xây dựng, văn phòng, cao ốc, trung tâm thương mại, các trang thiết bị, đầu tư, phát triển, xây dựng, khai thác hạ tầng thương mại và đầu tư vào thị trường bất động sản, xây dựng, cũng như sản xuất. Đến nay, ITACO triển khai rất nhiều dự án trên cả nước như: TP Hồ Chí Minh, Long An, Kiên Giang, Hà Nội, Hà Nam, Quảng Ngãi...",Lô 16 - Đường 2 - KCN Tân Tạo - P. Tân Tạo A - Q. Bình Tân - Tp. Hồ Chí Minh,http://www.itaexpress.com.vn
KBC,Tổng Công ty Phát triển Đô thị Kinh Bắc - CTCP,Xây dựng và Bất động sản,"Công ty CP Phát triển Đô thị Kinh Bắc thành lập ngày 27/03/2002. Công ty hoạt động chính trong lĩnh vực đầu tư, phát triển và kinh doanh hạ tầng khu công nghiệp, khu đô thị. Bên cạnh các dự án về Bất động sản, Tổng công ty phát triển đô thị Kinh Bắc còn liên doanh đầu tư trong các lĩnh vực như tài chính, ngân hàng, khai khoáng; năng lượng, viễn thông. KBC được niêm yết và giao dịch trên Sở Giao dịch Chứng khoán Thành phố Hồ Chí Minh (HOSE) từ năm 2009.",Lô 7B KCN Quế Võ - X. Phương Liễu - H. Quế Võ - T. Bắc Ninh,http://www.kinhbaccity.vn
KDC,CTCP Tập đoàn KIDO,Sản xuất thực phẩm,"Công ty Cổ phần Tập đoàn KIDO được thành lập vào năm 1993 với vốn đầu tư 1.4 tỷ đồng, có tiền thân là Công ty TNHH Xây dựng và Chế biến thực phẩm Kinh Đô. Công ty phân phối chủ yếu các mặt hàng thực phẩm tiêu dùng như dầu ăn, kem, bánh kẹo, thực phẩm ăn vặt và nước giải khát. KIDO chính thức hoạt động là CTCP từ năm 2002 với vốn điều lệ 150 tỷ đồng. Các điểm bán ngành hàng khô và ngành hàng lạnh của KIDO có số lượng tương ứng là 450,000 và 120,000. KDC được niêm yết lần đầu trên sàn HOSE vào ngày 12/12/2005.",138-142 Hai Bà Trưng - P.Đa Kao - Q.1 - TP.HCM,http://www.kdc.vn
KDH,CTCP Đầu tư và Kinh doanh Nhà Khang Điền,Xây dựng và Bất động sản,Công ty Cổ phần Đầu tư và Kinh doanh nhà Khang Điền (KDH) có tiền thân là Công ty TNHH Đầu tư và Kinh doanh Nhà Khang Điền được thành lập vào năm 2001. Công ty hoạt động trong lĩnh vực đầu tư phát triển và kinh doanh bất động sản nhà ở. KDH chính thức hoạt động theo mô hình công ty cổ phần từ năm 2007. Địa bàn hoạt động kinh doanh chính của KDH là Thành phố Hồ Chí Minh. KDH được niêm yết và giao dịch trên Sở Giao dịch Chứng khoán Thành phố Hồ Chí Minh (HOSE) từ năm 2010.,Phòng 1 và 2 Lầu 11 SaiGon Centre - 67 Lê Lợi - P. Bến Nghé - Q.1 - Tp. Hồ Chí Minh,http://www.khangdien.com.vn
KOS,CTCP KOSY,Xây dựng và Bất động sản,"Công ty Cổ phần Kosy (KOS) được thành lập vào năm 2008. Công ty hoạt động trong lĩnh vực đầu tư, phát triển, kinh doanh bất động sản, khu đô thị. KOS trở thành công ty đại chúng từ tháng 09/2017. Công ty đã và đang làm chủ đầu tư thực hiện một số dự án bất động sản tại các địa phương như Khu đô thị Kosy - Lào Cai, Khu đô thị Kosy - Bắc Giang, Khu đô thị Cầu Gồ - Bắc Giang, Khu đô thị Kosy - Gia Sàng, Khu đô thị Kosy - Sông Công. KOS được niêm yết trên Sở Giao dịch Chứng khoán Thành phố Hồ Chí Minh (HOSE) từ tháng 07/2019.",B6-BT5 - Khu đô thị mới Mỹ Đình 2 - Q. Nam Từ Liêm - Tp. Hà Nội,http://kosy.vn/
LGC,CTCP Đầu tư Cầu đường CII,Xây dựng và Bất động sản,"Tiền thân là Công ty Cơ khí Lữ Gia, một doanh nghiệp Nhà nước được thành lập năm 1978. Ngày 27/11/2006 Công ty Cổ phần Cơ khí Điện Lữ Gia được cấp giấy phép niêm yết lần đầu và chính thức niêm yết 1,000,000 cổ phiếu trên sàn giao dịch chứng khoán TPHCM (HOSE). Tháng 08/2014, Công ty Cổ phần Cơ khí điện Lữ Gia được đổi tên thành Công ty Cổ phần đầu tư Cầu đường CII. Ngành nghề kinh doanh: đầu tư xây dựng, khai thác, kinh doanh hạ tầng kỹ thuật đô thị theo phương thức hợp đồng xây dưng - kinh doanh - chuyển giao (BOT); hợp đồng xây dựng - chuyển giao (BT), lắp đặt hệ thống điện, sản xuất thiết bị khác, sửa chữa thiết bị điện, kinh doanh bất động sản.",70 Lữ Gia - P.15 - Q.11 - Tp.HCM,http://ciibr.com.vn
LPB,Ngân hàng TMCP Bưu điện Liên Việt,Tài chính và bảo hiểm,"Ngày 28/03/2008, Thống đốc Ngân hàng Nhà nước Việt Nam ký Giấy phép thành lập Ngân hàng. Ngày 01/05/2008, Ngân hàng chính thức khai trương hoạt động. Năm 2011, Sáp nhập Công ty Dịch vụ Tiết kiệm Bưu điện, đổi tên Ngân hàng từ Ngân hàng Liên Việt (LienVietBank) thành Ngân hàng Bưu điện Liên Việt (LienVietPostBank). Các đơn vị sáng lập của LPB là Công ty cổ phần Him Lam, Công ty Thương mại Sài Gòn (SATRA), và Công ty cổ phần Dịch vụ Hàng không Sân bay Tân Sơn Nhất (SASCO). LPB được niêm yết trên Sở Giao dịch Chứng khoán Thành phố Hồ Chí Minh (HOSE) từ tháng 10/2020.","Tầng 1,3,4,5,6 Tòa nhà Thaiholdings Tower - Số 210 Trần Quang Khải - P. Tràng Tiền - Q. Hoàn Kiếm - Tp. Hà Nội",https://www.lienvietpostbank.com.vn
MBB,Ngân hàng TMCP Quân Đội ,Tài chính và bảo hiểm,"Ngân hàng Thương mại Cổ phần Quân đội (MBB) được thành lập từ năm 1994 với mục tiêu ban đầu là đáp ứng nhu cầu dịch vụ tài chính cho các Doanh nghiệp Quân đội. Ngân hàng hoạt động trong lĩnh vực huy động vốn, cấp tín dụng và các dịch vụ tài chính liên quan. Bên cạnh thị trường truyền thống ban đầu, Ngân hàng đã phát triển và đa dạng hóa nhiều sản phẩm dịch vụ tài chính để đáp ứng cho các đối tượng khách hàng khác nhau. MBB được niêm yết trên Sở Giao dịch Chứng khoán Thành phố Hồ Chí Minh (HOSE) từ năm 2001.",Số 18 - Đường Lê Văn Lương - P. Trung Hòa - Q. Cầu Giấy - Tp. Hà Nội,http://www.mbbank.com.vn
MSB,Ngân hàng TMCP Hàng hải Việt Nam,Tài chính và bảo hiểm,"Ngân hàng Thương mại Cổ phần Hàng Hải Việt Nam (MSB) được thành lập vào năm 1991. Ngân hàng hoạt động trong lĩnh vực huy động, cấp tín dụng và các dịch vụ tài chính liên quan. Tại Việt Nam, MSB là ngân hàng đầu tiên xin được giấy phép thanh toán quốc tế và là ngân hàng đầu tiên ứng dụng mạng máy tính LAN và WAN nhằm rút ngắn thời gian chuyển tiền. MSB được niêm yết trên Sở Giao dịch Chứng khoán Thành phố Hồ Chí Minh (HOSE) từ tháng 12/2020.",54A Nguyễn Chí Thanh - P. Láng Thượng - Q. Đống Đa - TP. Hà Nội,https://www.msb.com.vn/
MSN,CTCP Tập đoàn Masan,Sản xuất thực phẩm,"Công ty Cổ phần Tập đoàn Masan (MSN) có tiền thân là Công ty Cổ phần Hàng hải Ma San được thành lập vào năm 2004. MSN là công ty quản lý vốn đầu tư và tài sản, chủ yếu là các cổ phần của những công ty khác, hiện nay bao gồm cổ phần của Công ty Cổ phần Thực phẩm Ma San (Masan Food) và Ngân hàng Thương mại cổ phần Kỹ thương Việt Nam (Techcombank). MSN là nhà cung cấp vonfram và bismut lớn nhất bên ngoài Trung Quốc và nhà cung cấp đơn nhất về florit cấp axit lớn thứ 2 bên ngoài Trung Quốc. MSN là công ty sản xuất đạm động vật lớn nhất Việt Nam sở hữu thương hiệu Bio-zeem. MSN được niêm yết trên Sở Giao dịch Chứng khoán Thành phố Hồ Chí Minh từ cuối năm 2009.", Phòng 802 - Tầng 8 - Tòa nhà Central Plaza - Số 17 Lê Duẩn - P. Bến Nghé - Q.1 - Tp. Hồ Chí Minh,https://masangroup.com/?lang_ui=vn
MWG,CTCP Đầu tư Thế giới Di động,Cửa hàng thiết bị điện tử gia đình,"Tháng 03/2004, Công ty TNHH Thế Giới Di Động được thành lập. Giai đoạn 2007-2009, mở rộng kinh doanh tại TP HCM, Đà Nẵng và Hà Nội. Năm 2007, Công ty TNHH Thế Giới Di Động chuyển đổi sang mô hình công ty cổ phần. MWG vận hành các chuỗi bán lẻ thegioididong.com, Điện Máy Xanh, Bách Hóa Xanh. Ngày 14/07/2014, chính thức được giao dịch trên Sở Giao dịch Chứng khoán Hồ Chí Minh (HOSE). MWG kinh doanh các lĩnh vực chính gồm Kinh doanh thiết bị và linh kiện điện tử viễn thông; Kinh doanh thiết bị điện máy; Kinh doanh máy vi tính, thiếu bị ngoại vi và phần mềm; Kinh doanh bán lẻ thực phẩm, hàng tiêu dùng; Sản xuất linh kiện điện tử; Sản xuất thiết bị truyền thông.",222 Yersin - P.Phú Cường - Tp.Thủ Dầu Một - T.Bình Dương,http://www.mwg.vn
NLG,CTCP Đầu tư Nam Long,Xây dựng và Bất động sản,"Công ty cổ phần Đầu tư Nam Long có tiền thân là Công ty TNHH Nam Long được thành lập năm 1992. Công ty hoạt động trong lĩnh vực đầu tư, phát triển và kinh doanh các dự án bất động nhà ở, khu đô thị. NLG chuyển sang hoạt động theo mô hình công ty cổ phần từ năm 2005. NLG hiện sở hữu 567 ha đất sạch trải khắp các tỉnh miền Nam, chủ yếu tập trung trong các khu đô thị và dân cư trọng điểm của Thành phố Hồ Chí Minh, Cần Thơ, Long An. NLG được niêm yết và giao dịch trên sở Giao dịch Chứng khoán Hồ Chí Minh (HOSE) từ năm 2013.",Số 06 Nguyễn Khắc Viện - P. Tân Phú - Q.7 - Tp. HCM,http://www.namlongvn.com
NT2,CTCP Điện lực Dầu khí Nhơn Trạch 2,"Phát, truyền tải và phân phối điện năng","Công ty Cổ phần Điện lực Dầu khí Nhơn Trạch 2 (NT2) được thành lập vào ngày 15/06/2007 với vốn điều lệ ban đầu là 2,560 tỷ đồng. Ngành, nghề kinh doanh chủ yếu là Quản lý đầu tư xây dựng và vận hành các công trình điện; Sản xuất và kinh doanh điện năng; Nhập khẩu nhiên liệu và xuất khẩu vật tư phụ tùng để sản xuất kinh doanh điện; Thực hiện các dịch vụ kỹ thuật thương mại trong lĩnh vực sản xuất, kinh doanh điện; Đào tạo nguồn nhân lực về quản lý vận hành, bảo dưỡng và sửa chữa các công trình nhiệt điện.",Trung Tâm Điện lực Dầu khí - X.Phước Khánh - H.Nhơn Trạch - T.Đồng Nai,http://www.pvpnt2.vn
NVL,CTCP Tập đoàn Đầu tư Địa ốc No Va,Xây dựng và Bất động sản,"Novaland được thành lập vào ngày 18/09/1992 với tên gọi ban đầu là Công ty TNHH Thương mại Thành Nhơn. Đến tháng 12/2016, công ty chính thức được niêm yết và giao dịch trên HOSE với mã NVL. Tập đoàn Novaland có hoạt động chính trong lĩnh vực kinh doanh bất động sản, quyền sử dụng đất thuộc chủ sở hữu, chủ sử dụng hoặc đi thuê. Tập đoàn tập trung triển khai dự án nhà ở và dự án bất động sản du lịch nghỉ dưỡng tại các vị trí chiến lược của hầu hết các quận, huyện tại Thành phố Hồ Chí Minh và các tỉnh lân cận. ",Số 313B - 315 Nam Kỳ Khởi Nghĩa - P. Võ Thị Sáu - Q.3 - Tp. HCM,http://www.novaland.com.vn
OCB,Ngân hàng TMCP Phương Đông,Tài chính và bảo hiểm,"Ngân hàng Thương mại Cổ phần Phương Đông (OCB) được thành lập vào năm 1996. Ngân hàng hoạt động trong lĩnh vực huy động, cấp tín dụng và các dịch vụ tài chính liên quan. OCB được niêm yết trên Sở Giao dịch Chứng khoán Thành phố Hồ Chí Minh (HOSE) từ tháng 12/2020.",Số 41- 45 Lê Duẩn - P. Bến Nghé - Q. 1 - Tp. HCM,http://www.ocb.com.vn
PAN,CTCP Tập đoàn Pan,Sản xuất thực phẩm,"Tiền thân là Công ty Cổ phần Xuyên Thái Bình được thành lập năm 1998 với vốn điều lệ ban đầu là 250 triệu đồng. Năm 2010, Công ty niêm yết cổ phiếu tại HOSE. Công ty hoạt động chính trong các lĩnh vực Nuôi trồng, chế biến và xuất khẩu thủy sản; Gia công, chế biến, đóng gói, kinh doanh giống cây trồng và vật tư phục vụ cây trồng; Sản xuất, chế biến, kinh doanh, xuất nhập khẩu hạt điều; Sản xuất, chế biến, kinh doanh nước chấm, cà phê; Cung cấp các sản phẩm nông dược và các dịch vụ khử trùng. Công ty là doanh nghiệp tiên phong trong lĩnh vực Nông nghiệp và Thực phẩm ở Việt Nam cung cấp các sản phẩm nông sản và thực phẩm đóng gói cho thị trường nội địa và các thị trường khác trên thế giới. ",Lô A1-9 Đường VL3 - KCN Vĩnh Lộc 2 - X. Long Hiệp - H. Bến Lức - T. Long An,https://thepangroup.vn/
PC1,CTCP Xây lắp Điện I,Xây dựng và Bất động sản,"Công ty Cổ phần Xây lắp điện I được thành lập vào ngày 2/3/1963. Từ nhiệm vụ trọng tâm ban đầu là xây lắp các công trình truyền tải điện quốc gia, Công ty Cổ phần xây lắp điện I (PCC1) hiện nay mở rộng sang lĩnh vực sản xuất công nghiệp, đầu tư năng lượng, đầu tư bất động sản, tư vấn và dịch vụ. Các lĩnh vực kinh doanh bao gồm : Kinh doanh BĐS, quyền sử dụng đất thuộc chủ sở hữu, chủ sử dụng hoặc đi thuê; Hoạt động kiến trúc và tư vấn kỹ thuật có liên quan; Giáo dục nghề nghiệp; Lắp đặt hệ thống điện; Sản xuất, truyền tải và phân phối điện.",Số 18 Lý Văn Phúc - P. Cát Linh - Q. Đống Đa - Tp. Hà Nội,http://www.pcc1.vn
PDR,CTCP Phát triển Bất động sản Phát Đạt,Xây dựng và Bất động sản,"Công ty Cổ phần Phát triển Bất động sản Phát Đạt được thành lập vào năm 2004, và chính thức trở thành công ty đại chúng vào năm 2008 với mức vốn điều lệ là 1,298 tỷ đồng. Đến năm 2010, cổ phiếu của doanh nghiệp được chính thức niêm yết trên sàn giao dịch HoSE. PDR có lĩnh vực kinh doanh cốt lõi là BĐS dân dụng, bên cạnh đó, doanh nghiệp đã chính thức triển khai thêm mảng BĐS công nghiệp.",Tầng 8 - 9 Tòa nhà Viettel - 285 CMT8 - P. 12 - Q. 10 - Tp. HCM,http://www.phatdat.com.vn
PHR,CTCP Cao su Phước Hòa,"Sản xuất hóa chất, dược phẩm","Công ty Cổ Phần Cao Su Phước Hòa là một trong các đơn vị có diện tích lớn trong ngành cao su Việt Nam, nằm trong vùng chuyên canh cao su, vị trí trung tâm của vùng cao su Đông Nam Bộ, cách TP Hồ Chí Minh 65km rất thuận lợi về mặt giao thông. Tiền thân của Công ty là đồn điền cao su Phước Hòa, sau ngày miền Nam giải phóng hoàn toàn, đổi tên thành Nông trường Cao su Quốc doanh Phước Hòa. Ngày 25 tháng 2 năm 1982, Công ty Cao su Phước Hòa chính thức được thành . Ngày 18/08/2009, CTCP Cao su Phước Hòa chính thức niêm yết trên Sở Giao dịch Chứng khoán Thành phố Hồ Chí Minh. Các lĩnh vực bao gồm: Trồng cây cao su, khai thác và chế biến mủ cao su, mua bán và chế biến gỗ cao su; Vận tải hàng hóa bằng đường bộ; Bán lẻ xăng dầu; Sản xuất sản phẩm từ plastic, sản xuất phân bón và hợp chất nitơ; Thi công xây dựng công trình dân dụng, công nghiệp, sửa chữa cầu đường, công trình giao thông... ",Thửa đất số 374 - Tờ bản đồ 17 - Ấp 2 - X. Phước Hòa - H. Phú Giáo - T. Bình Dương,http://www.phr.vn/
PLX,Tập đoàn Xăng Dầu Việt Nam,Bán buôn dầu và các sản phẩm dầu khí,"Tổng Công ty Xăng dầu Việt Nam được thành lập vào ngày 12/01/1996 với tên gọi ban đầu là Tổng Công ty Xăng dầu mỡ, đã tiến hành cổ phần hóa, tái cấu trúc và bán đấu giá cổ phần lần đầu ra bên ngoài (IPO) thành công tại HNX trong năm 2011. Đến năm 2017, doanh nghiệp chính thức được niêm yết trên sàn HOSE với mã PLX. Lĩnh vực kinh doanh chính của Petrolimex là xuất nhập khẩu và kinh doanh xăng dầu, lọc - hóa dầu, đầu tư vốn vào các doanh nghiệp khác để kinh doanh các ngành nghề mà Petrolimex đang kinh doanh và các ngành nghề kinh doanh khác theo quy định của pháp luật. Petrolimex có 43 đơn vị thành viên trực tiếp kinh doanh xăng dầu trên địa bàn 63 tỉnh, thành phố.",Số 1 - Phố Khâm Thiên - P. Khâm Thiên - Q. Đống Đa - Tp. Hà Nội,http://www.petrolimex.com.vn
PME,CTCP Pymepharco,"Sản xuất hóa chất, dược phẩm","PYMEPHARCO được thành lập vào năm 1989 với hoạt động kinh doanh chủ yếu là sản xuất dược phẩm, kinh doanh thuốc, vật tư thiết bị y tế đáp ứng cho nhu cầu ngành y tế. Công ty hiện đang sở hữu 02 nhà máy sản xuất dược phẩm đạt tiêu chuẩn GMP-WHO, bao gồm Nhà máy Thuốc viên Pymepharco và Nhà máy Sản xuất Thuốc tiêm Pymepharco. Ngày 30/10/2017, cổ phiếu PME được niêm yết trên Sở Giao dịch Chứng khoán Thành phố Hồ Chí Minh...",Số 166 - 170 Nguyễn Huệ - P. 7 - Tp. Tuy Hòa - T. Phú Yên,http://www.pymepharco.com
PNJ,CTCP Vàng bạc Đá quý Phú Nhuận,Sản xuất sản phẩm kim loại tổng hợp,"Ngày 28/04/1988, cửa hàng Kinh doanh Vàng bạc Phú Nhuận ra đời, trực thuộc UBND Quận Phú Nhuận. PNJ chuyên sản xuất, kinh doanh trang sức bằng vàng, bạc, đá quý. Năm 1992, chính thức đổi tên thành Công ty Vàng Bạc Đá Quý Phú Nhuận. Ngày 12/1/2013, khánh thành Trung tâm trang sức, kim cương và đồng hồ lớn nhất trên toàn hệ thống tại 52A- 52B Nguyễn Văn Trỗi, Quận Phú Nhuận, TP Hồ Chí Minh. PNJ được niêm yết và giao dịch trên Sở Giao dịch Chứng khoán Thành phố Hồ Chí Minh (HOSE) từ năm 2009.",170E Phan Đăng Lưu - P.3 - Q.Phú Nhuận - Tp.HCM,http://www.pnj.com.vn
POM,CTCP Thép Pomina,Sản xuất các sản phẩm kim loại cơ bản,"Năm 1999, Công ty Cổ phần Thép Pomina, tiền thân là nhà máy thép Pomina 1, được thành lập. Ngày 17/08/1999, Nhà máy thép Pomina chuyển thành Công ty TNHH Thép Pomina được với vốn điều lệ là 42 tỷ đồng. Ngày 07/04/2010, Niêm yết trên Sở Giao dịch Chứng khoán Thành phố Hồ Chí Minh (HOSE). Năm 2012, Nhà máy luyện thép xây dựng Pomina 3 đi vào hoạt động với công suất 1 triệu tấn/năm.",Đường 27 - KCN Sóng Thần II - H.Dĩ An - T.Bình Dương,http://www.pomina-steel.com
POW,Tổng Công ty Điện lực Dầu khí Việt Nam - CTCP,"Phát, truyền tải và phân phối điện năng","Tổng Công ty Điện lực Dầu khí Việt Nam được thành lập năm 2007. Năm 2019, cổ phiếu POW giao dịch trên Sở Giao dịch Chứng khoán Thành phố Hồ Chí Minh (HOSE). PV Power đang quản lý vận hành 07 Nhà máy điện với tổng công suất lắp đặt là 4,205 MW, gồm điện khí, than và thủy điện. Hàng năm, PV Power cung cấp lên lưới điện Quốc gia khoảng 21 tỷ Kwh, chiếm 13-15% sản lượng điện thương phẩm Quốc gia, đứng vị trí thứ 2 sau Tập đoàn Điện lực Việt Nam. Tất cả các nhà máy điện của PV Power đều sử dụng công nghệ tiên tiến và máy móc thiết bị từ các nhà cung cấp hàng đầu thế giới như Siemens, GE/Alstom, Toshiba.","Tầng 8, 9 - Tòa nhà VPI - 167 Trung Kính - Cầu Giấy - Hà Nội",http://www.pvpower.vn/
PPC,CTCP Nhiệt điện Phả Lại,"Phát, truyền tải và phân phối điện năng","Nhà máy Nhiệt điện Phả Lại (nay là Công ty Cổ phần Nhiệt điện Phả Lại) được thành lập ngày 26/4/1982. Ngày 26/01/2007, cổ phiếu Công ty Cổ phần Nhiệt điện Phả Lại được chính thức giao dịch trên Sở Giao dịch Chứng khoán Thành phố Hồ CHí Minh (mã PPC) với giá chào sàn là 105,000 vnđ. Các lĩnh vực kinh doanh chính bao gồm: Hoạt động SXKD điện năng; Quản lý, vận hành, bảo dưỡng, sửa chữa, các công trình nhiệt điện, công trình kiến trúc của Nhà máy điện; Thí nghiệm, hiệu chỉnh các thiết bị điện; Lập dự án đầu tư xây dựng, quản lý dự án đầu tư xây dựng, tư vấn giám sát thi công xây lắp các công trình điện...",Km 28 Quốc lộ 18 - P. Phả Lại - Tp. Chí Linh - T. Hải Dương,http://ppc.evn.vn/
PVD,Tổng Công ty cổ phần Khoan và Dịch vụ khoan Dầu khí,Khai khoáng,"Tổng công ty cổ phần Khoan và Dịch vụ Khoan Dầu khí (PV Drilling) được thành lập từ năm 2001 trên cơ sở Xí nghiệp Dịch vụ Kỹ thuật Dầu khí biển (PTSC Offshore). Năm 2009, sáp nhập Công ty Cổ phần Đầu tư Khoan Dầu khí Việt Nam (PVD Invest) vào Tổng Công ty Cổ phần Khoan và Dịch vụ Khoan Dầu khí với vốn điều lệ tăng lên 2,105 tỷ đồng. PV Drilling hoạt động trong lĩnh vực Sở hữu và điều hành giàn khoan biển & đất liền; Dịch vụ thiết bị khoan; Đo karota khí và cung cấp chuyên gia địa chất; Sửa chữa, bảo dưỡng, kiểm định vật tư thiết bị và phương tiện chuyên ngành dầu khí.",Lầu 4 - Tòa nhà Sailling Tower - Số 111A Pasteur - P.Bến Nghé - Q.1 - Tp.HCM,http://www.pvdrilling.com.vn
PVT,Tổng Công ty cổ phần Vận tải Dầu khí,Vận tải và kho bãi,"Tổng công ty cổ phần Vận tải Dầu khí (viết tắt là PVTrans), tiền thân là Công ty Vận tải Dầu khí, đơn vị thành viên của Tổng công ty Dầu khí Việt Nam (nay là Tập đoàn Dầu khí Quốc Gia Việt Nam) được thành lập năm 2002. Năm 2007, cổ phiếu PVT niêm yết tại Sở Giao dịch Chứng khoán Thành phố Hồ Chí Minh (HOSE). Hoạt động kinh doanh của PVTrans bao gồm Vận chuyển dầu thô, Vận chuyển dầu sản phẩm/hóa chất, Vận tải khí hóa lỏng, Vận tải hàng rời (than), Dịch vụ kỹ thuật dầu khí, Dịch vụ hàng hải và Logistics. Là đơn vị thành viên của Tập đoàn Dầu khí Việt Nam, PVT luôn nhận được sự quan tâm hỗ trợ từ Tập đoàn và ủng hộ hợp tác của các đơn vị thành viên trong Tập đoàn như Công ty Lọc hóa Dầu Bình Sơn, PV Oil, VSP, PVEP, PVGas.",Tầng 2 Tòa nhà PVFCCo - 43 Mạc Đĩnh Chi - P.Đa Kao - Q.1- Tp.HCM,http://www.pvtrans.com
REE,CTCP Cơ Điện Lạnh,Xây dựng và Bất động sản,"REE được thành lập năm 1977 với tiền thân là Xí nghiệp Quốc doanh Cơ Điện Lạnh. Năm 2002 - 2003, cấu trúc lại hoạt động sản xuất và dịch vụ cơ điện công trình thành 2 công ty trực thuộc là công ty REE M&E và công ty Điện máy REE. Năm 2008, doanh nghiệp tham gia phát triển bất động sản với dự án văn phòng cho thuê E.town. REE hiện đang quản lý kinh doanh bất động sản cho thuê với quy mô hơn 130,000 m3 diện tích văn phòng cho thuê. Năm 2010, REE mở rộng đầu tư vào các ngành cơ sở hạ tầng điện, nước. Công ty hiện đang sở hữu tổng công suất điện là 696 MW và công suất cấp nước 446,200m3/ngày. REE được niêm yết trên Sở Giao dịch Chứng khoán Thành phố Hồ Chí Minh (HOSE) từ năm 2000.",Số 364 Cộng Hòa - P. 13 - Q. Tân Bình - Tp. HCM,http://www.reecorp.com
SAB,Tổng Công ty cổ phần Bia - Rượu - Nước giải khát Sài Gòn,Sản xuất đồ uống,"Tiền thân của Bia Sài Gòn là một xưởng bia nhỏ do ông Victor Larue, một người Pháp lập ra tại Sài Gòn năm 1875. Năm 1977, Nhà máy Bia Sài Gòn chính thức được thành lập. Năm 2003, Công ty Bia Sài Gòn tiếp nhận thêm các công ty khác và thành lập Tổng công ty Bia - Rượu - Nước Giải khát Sài Gòn (SABECO). Năm 2016, cổ phiếu SAB được giao dịch trên Sở Giao dịch Chứng khoán Thành phố Hồ Chí Minh (HOSE). Lĩnh vực kinh doanh của công ty bao gồm sản xuất và mua bán các loại rượu, bia, nước giải khát và bao bì phục vụ đóng chai đồ uống; Kinh doanh nguyên liệu, thiết bị, công nghệ phục vụ ngành sản xuất bia, rượu, nước giải khát và lương thực thực phẩm; Dịch vụ đào tạo, nghiên cứu, chuyển giao công nghệ, tư vấn đầu tư, xây lắp, sửa chữa bảo trì trong ngành bia, rượu, nước giải khát và lương thực - thực phẩm; Kinh doanh bất động sản, dịch vụ thương mại.",187 Nguyễn Chí Thanh - P. 12 - Q. 5 - Tp. Hồ Chí Minh,http://sabeco.com.vn
SAM,CTCP SAM HOLDINGS,"Sản xuất trang thiết bị, dụng cụ điện","Tiền thân là Nhà máy Vật liệu Bưu điện II được thành lập năm 1986. Từ lĩnh vực hoạt động ban đầu là sản xuất và phân phối các loại cáp cho ngành bưu chính viễn thông, đến nay, SAM Holdings đã mở rộng sang nhiều lĩnh vực khác hướng đến mục tiêu trở thành Tập đoàn Đầu tư hàng đầu tại Việt Nam. Các lĩnh vực kinh doanh chính của doanh nghiệp bao gồm Sản xuất kinh doanh các loại cáp, vật liệu viễn thông và các loại cáp, vật liệu dân dụng; Xuất nhập khẩu nguyên vật liệu, sản phẩm cáp chuyên ngành viễn thông và vật liệu điện dân dụng phục vụ cho hoạt động sản xuất kinh doanh của đơn vị; Sản xuất và kinh soanh sản phẩm dây đồng, sản phẩm ống nhựa các loại; Cho thuê văn phòng (ngoại tỉnh), đầu tư phát triển và kinh doanh nhà, công trình hạ tầng kỹ thuật đô thị, kinh doanh bất động sản; Sản xuất, mua bán bo bin gỗ (trục gỗ dùng quấn dây cáp).",Số 152/11B Điện Biên Phủ - P. 25 - Q. Bình Thạnh - Tp. Hồ Chí Minh,http://www.samholdings.com.vn
SBT,CTCP Thành Thành Công - Biên Hòa,Sản xuất thực phẩm,"Được thành lập ngày 15/07/1995, SBT tiền thân là Công ty liên doanh giữa Tập đoàn Group Sucrecries Bourbon và Liên hiệp Mía đường II và Liên hiệp mía đường Tây Ninh. Định hướng chiến lược của TTC Sugar là trở thành công ty nông nghiệp hàng đầu Việt Nam và khu vực, cung cấp các sản phẩm nông nghiệp đặc biệt, thông qua hệ thống sản xuất và phân phối bền vững. Cuối năm 2010, Tập đoàn Bourbon thoái vốn tại Công ty Cổ phần Bourbon Tây Ninh, chuyển nhượng toàn bộ số lượng cổ phần cho đối tác Việt nam, trong đó Công ty Cổ phần Đầu tư Thành Thành Công là cổ đông lớn. TTC Sugar hiện có 9 nhà máy sản xuất đường tại các khu vực trọng điểm, chiếm hơn 50% lượng đường cung cấp toàn quốc; sở hữu các thị trường xuất khẩu lớn trên thế giới từ khu vực Bắc Mỹ, Châu Âu, Châu Á, Châu Phi cho đến các đảo quốc thuộc khu vực Thái Bình Dương.",X. Tân Hưng - H. Tân Châu - T. Tây Ninh,http://ttcsugar.com.vn/
SCS,CTCP Dịch vụ Hàng hóa Sài Gòn,Vận tải và kho bãi,"CTCP Dịch vụ hàng hóa Sài Gòn (SCSC) được thành lập vào ngày 08/04/2008 với vốn điều lệ ban đầu là 300 tỷ đồng. SCSC là doanh nghiệp được Ủy ban Nhân dân Tp.Hồ Chí Minh, Cục hàng không Việt Nam và Hải quan Việt Nam cấp phép xây dựng Nhà ga hàng hóa tại Sân bay Tân Sơn Nhất và là nhà ga duy nhất của Việt Nam phù hợp tiêu chuẩn quốc tế của IATA (Hiệp hội vận chuyển hàng không quốc tế). Vào ngày 03/08/2018 cổ phiếu của Công ty với mã cổ phiếu SCS đã chính thức được giao dịch trên Sở giao dịch chứng khoán Thành phố Hồ Chí Minh.",30 Phan Thúc Duyện – P. 4 – Q. Tân Bình - Tp. Hồ Chí Minh,http://www.scsc.vn
SJS,CTCP Đầu tư Phát triển Đô thị và Khu công nghiệp Sông Đà,Xây dựng và Bất động sản,"Công ty Đầu tư Phát triển Đô thị và Khu công nghiệp Sông Đà, thành viên của Tổng Công ty Sông Đà được thành lập ngày 20/09/2001. Năm 2003, chuyển đổi thành Công ty Cổ phần Đầu tư Phát triển Đô thị và Khu công nghiệp Sông Đà (SUDICO). Năm 2006, niêm yết và giao dịch trên Sở Giao dịch Chứng khoán Thành phố Hồ Chí Minh (HOSE). Các lĩnh vực hoạt động kinh doanh chính của doanh nghiệp bao gồm Tư vấn, đầu tư, lập và thực hiện các dự án đầu tư xây dựng, kinh doanh nhà ở, khu đô thị và khu công nghiệp; Kinh doanh khai thác các dịch vụ về nhà ở, khu đô thị và khu công nghiệp; Thi công xây lắp các công trình dân dụng và công nghiệp; Tư vấn thiết kế kỹ thuật, quy hoạch chi tiết khu đô thị và khu công nghiệp, tư vấn thiết kế công trình dân dụng, công nghiệp; Sản xuất và kinh doanh vật liệu xây dựng, thiết bị nội thất; Kinh doanh bất động sản, dịch vụ khách sạn, nhà hàng, xuất nhập khẩu thiết bị máy móc. Năm 2006, SJS chính thức giao dịch trên Sở Giao dịch Chứng khoán Thành phố Hồ Chí Minh (HOSE).",Tòa Nhà Sudico - Đường Mễ Trì - P. Mỹ Đình 1 - Q. Nam Từ Liêm - Tp.Hà Nội,http://sudicosd.com/
SSI,CTCP Chứng khoán SSI,Tài chính và bảo hiểm,"CTCP Chứng khoán SSI được thành lập năm 1999. SSI chuyên cung cấp dịch vụ môi giới, tư vấn và đầu tư tài chính, chứng khoán với mạng lưới hoạt động rộng tại những thành phố lớn như Hà Nội, Thành phố Hồ Chí Minh, Hải Phòng, Nha Trang, Vũng Tàu. Công ty đã cung cấp dịch vụ cho các nhà đầu tư trong nước và nhiều nhà đầu tư nước ngoài danh tiếng với các khách hàng tiêu biểu như Morgan Stanley, HSBC, Vinamilk, Credit Suisse, BIDV, ANZ, Tập đoàn C.T Group, Prudential VN, Deutsche Bank. Cổ phiếu của Công ty được niêm yết trên sàn HNX vào năm 2006 và chuyển sang sàn HOSE từ năm 2007.",Số 72 Nguyễn Huệ - P.Bến Nghé - Q1 - Tp.HCM,http://www.ssi.com.vn
STB,Ngân hàng TMCP Sài Gòn Thương Tín,Tài chính và bảo hiểm,"Ngân hàng Thương mại Cổ phần Sài Gòn Thương Tín (Sacombank) là một trong những ngân hàng thương mại cổ phần (TMCP) đầu tiên được thành lập năm 1991 tại Thành phố Hồ Chí Minh (TP.HCM) từ việc hợp nhất Ngân hàng Phát triển Kinh tế Gò Vấp cùng với 03 hợp tác xã tín dụng là tân Bình, Thành Công và Lữ Gia. Năm 2002, Tập đoàn Tài chính Dragon Financial Holdings (Anh Quốc) tham gia góp 10% vốn điều lệ của Sacombank, mở đường cho việc tham gia góp vốn cổ phần của Công ty Tài chính Quốc tế (International Finance Corporation - IFC, trực thuộc World Bank) vào năm 2002 và Ngân hàng ANZ vào năm 2005. Năm 2006, STB là ngân hàng TMCP đầu tiên tại Việt Nam tiên phong niêm yết cổ phiếu tại HOSE với tổng số vốn niêm yết là 1,900 tỷ đồng. Năm 2015, thực hiện sáp nhập Ngân hàng TMCP Phương Nam (Southern Bank) vào Sacombank.",Số 266-268 Nam Kỳ Khởi Nghĩa - P. Võ Thị Sáu - Q. 3 - Tp. HCM,http://www.sacombank.com.vn
SZC,CTCP Sonadezi Châu Đức,Xây dựng và Bất động sản,"Ngày 26/06/2007, tiền thân là Công ty Cổ phần phát triển Hạ tầng Sonadezi được thành lập. Năm 2018, niêm yết trên thị trường Sở Giao dịch Chứng khoán Thành phố Hồ Chí Minh (HOSE). Đến năm 2019, giao dịch trên HOSE. Công ty cổ phần Sonadezi Châu Đức là một công ty nhỏ trong ngành bất động sản ở Việt Nam. Các lĩnh vực kinh doanh chính của công ty bao gồm Đầu tư và phát triển khu đô thị, khu công nghiệp, khu dân cư và các sân golf; Kinh doanh cơ sở hạ tầng các công trình; Giao dịch, mua bán, chuyển nhượng, cho thuê, môi giới, định giá, quảng cáo, đấu giá, quản lý bất động sản.",Tầng 9 - Cao Ốc Sonadezi - Số 1 - Đường 1 - KCN Biên Hòa 1 - P. An Bình - Tp. Biên Hòa - T. Đồng Nai,http://www.sonadezichauduc.com.vn
TCB,Ngân hàng TMCP Kỹ thương Việt Nam,Tài chính và bảo hiểm,"Techcombank được thành lập năm 1993 với vốn điều lệ ban đầu là 20 tỷ đồng. Năm 2017, ngân hàng tăng vốn điều lệ lên 11,655,307,200,000 đồng. Ngày 04/06/2018, ngân hàng chính thức giao dịch trên Sở Giao dịch Chứng khoán Thành phố Hồ Chí Minh (HOSE). Đến nay, Techcombank đã cung cấp nhiều loại sản phẩm, dịch vụ đa dạng cho hơn 8 triệu khách hàng, cá nhân, doanh nghiệp tại Việt Nam thông qua 1 trụ sở chính, 2 văn phòng đại diện và 309 điểm giao dịch tại 45 tỉnh thành trên cả nước.",191 Bà Triệu - P. Lê Đại Hành - Q.Hai Bà Trưng - Tp.Hà Nội,http://www.techcombank.com.vn
TCH,CTCP Đầu tư Dịch vụ Tài chính Hoàng Huy,Xây dựng và Bất động sản,"Công ty Cổ phần Đầu tư Dịch vụ Tài chính Hoàng Huy (TCH), tiền thân là Công ty TNHH Thương mại Hoàng Huy được thành lập từ tháng 10 năm. Ngày 5/10/2016, CTCP Đầu tư Dịch vụ Tài chính Hoàng Huy đã chính thức đón nhận quyết định niêm yết và khai trương giao dịch cổ phiếu tại Sở Giao dịch chứng khoán TP. Hồ Chí Minh với mã chứng khoán TCH. Các ngành nghề kinh doanh chủ yếu: Kinh doanh bất động sản, quyền sử dụng đất thuộc chủ sở hữu, chủ sử dụng hoặc đi thuê; Sản xuất và buôn bán phụ tùng và các bộ phận phụ trợ của ô tô và xe có động cơ khác; Bán buôn ô tô và xe có động cơ khác; Xây dựng nhà để ở và không để ở... Công ty có địa bàn kinh doanh ở khắp các tỉnh thành Việt Nam.",Số 116 Nguyễn Đức Cảnh - P. Cát Dài - Q. Lê Chân - TP. Hải Phòng,http://www.hoanghuy.vn
TCM,CTCP Dệt may - Đầu tư - Thương mại Thành Công,Sản xuất các sản phẩm may mặc,"Năm 1967, Công ty Cổ phần Dệt May Thành Công tiền thân là Hãng Tái Thành Kỹ Nghệ Dệt được thành lập. Tháng 08/1976, được Nhà nước tiếp quản và đổi tên thành Nhà máy Dệt Thành Công trực thuộc Liên hiệp các xí nghiệp dệt – Bộ Công nghiệp nhẹ. Giai đoạn 2006 – 2009, tiến hành cổ phần hoá, đổi tên thành Công ty Cổ phần Dệt May Thành Công, sau đó là Công ty Cổ phần Dệt may - Đầu tư - Thương mại Thành Công và niêm yết cổ phiếu tại Sở giao dịch chứng khoán thành phố Hồ Chí Minh (HOSE) với mã chứng khoán là TCM. CTCP Dệt may - Đầu tư - Thương mại Thành Công là một trong những doanh nghiệp hàng đầu trong lĩnh vực dệt may tại Việt Nam, cụ thể là sản xuất và kinh doanh các sản phẩm sợi, dệt, đan kim, nhuộm và may mặc. Sản phẩm của công ty chủ yếu phục vụ thị trường xuất khẩu tại Mỹ, Nhật Bản, châu Âu, Hàn Quốc và Trung Quốc.",Số 36 - Tây Thạnh - P. Tây Thạnh - Q. Tân Phú - Tp. HCM,http://www.thanhcong.com.vn
TPB,Ngân hàng TMCP Tiên Phong,Tài chính và bảo hiểm,"Ngân hàng Thương mại Cổ phần Tiên Phong là ngân hàng thương mại cổ phần được thành lập vào năm 2008. TPB được niêm yết và giao dịch trên Sở Giao dịch Chứng khoán Thành phố Hồ Chí Minh (HOSE) từ năm 2018. Mạng lưới giao dịch của TPBank đã đạt hơn 400 điểm giao dịch, trong đó có hơn 300 điểm giao dịch tự động LiveBank với tổng số lượng khách hàng cá nhân đạt mức gần 4 triệu người. TPB có các cổ đông chiến lược bao gồm Tập đoàn Vàng bạc Đá quý DOJI, Tập đoàn Công nghệ FPT, Tổng Công ty Tái bảo hiểm Quốc gia Việt Nam, Tập đoàn Tài chính SBI Ven Holding Pte.Ltd (Singapore), Công ty Tài chính Quốc tế IFC (trực thuộc World Bank) và quỹ đầu tư PYN Elite Fund.",Tòa nhà TPBank - 57 Lý Thường Kiệt - P. Trần Hưng Đạo - Q. Hoàn Kiếm - Tp. Hà Nội,https://tpb.vn
VCB,Ngân hàng TMCP Ngoại thương Việt Nam,Tài chính và bảo hiểm,"Ngân hàng Ngoại thương Việt Nam trước đây, nay là Ngân hàng TMCP Ngoại thương Việt Nam được thành lập và chính thức đi vào hoạt động ngày 1/4/1963 với tổ chức tiền thân là Cục Ngoại hối (trực thuộc ngân hàng Nhà nước Việt Nam). Vietcombank hiện có 116 Chi nhánh với 474 Phòng giao dịch hoạt động trên 56 tỉnh thành phố trong cả nước: Miền Bắc có 26 Chi nhánh; Hà Nội có 15 Chi nhánh; Bắc và Trung Bộ có 15 Chi nhánh; Nam Trung Bộ và Tây Nguyên có 13 Chi nhánh; Hồ Chí Minh có 18 Chi nhánh, Đông Nam Bộ có 14 Chi nhánh; Tây Nam Bộ có 15 Chi nhánh. Vietcombank thiết lập và duy trì quan hệ ngân hàng đại lý với 1249 ngân hàng tại 102 quốc gia và vùng lãnh thổ trên toàn thế giới.",Số 198 Trần Quang Khải - P. Lý Thái Tổ - Q. Hoàn Kiếm - Tp. Hà Nội,http://www.vietcombank.com.vn
VCF,CTCP Vinacafé Biên Hòa,Sản xuất đồ uống,"Tiền thân của Vinacafé Biên Hòa là Nhà máy cà phê Coronel được thành lập năm 1969 với công suất thiết kế 80 tấn cà phê hòa tan/năm với toàn bộ hệ thống máy móc thiết bị được nhập khẩu từ Đức. Ngày 29/12/2004, Nhà máy cà phê Biên Hòa chuyển đổi từ doanh nghiệp nhà nước sang công ty CP và đổi tên thành Công ty CP Vinacafé Biên Hoà (Vinacafé BH). Vinacafé Biên Hòa được đánh giá là công ty sản xuất cà phê hòa tan số 1 tại Việt Nam, phát triển thành công hai nhãn hiệu Vinacafé và Wake-Up, chiếm 41% thị phần cà phê hòa tan.",KCN Biên Hòa I - Tp.Biên Hòa - T.Đồng Nai,http://www.vinacafebienhoa.com
VCG,Tổng Công ty cổ phần Xuất nhập khẩu và Xây dựng Việt Nam,Xây dựng và Bất động sản,"Năm 1988, thành lập Công ty Dịch vụ và Xây dựng Nước ngoài. Lĩnh vực hoạt động kinh doanh chính của công ty là: Xây dựng các công trình dân dụng, công nghiệp, giao thông, thuỷ lợi, các công trình thuỷ điện; Sản xuất vật liệu xây dựng; Đầu tư và kinh doanh bất động sản. Công ty vừa là nhà thầu vừa là đơn vị trực tiếp thi công. Các công trình trọng điểm quốc gia công ty đã tham gia như công trình thủy điện Buôn Tur Srah, thủy điện Buôn Kuốp, thủy điện Cửa Đạt, dự án nhà ga T2 - cảng hàng không Nội Bài, Cầu Nhật Tân, Trung tâm Hội nghị Quốc Gia, Bảo tàng Hà Nội, đường cao tốc Láng Hòa Lạc... VCG được niêm yết trên Sở Giao dịch Chứng khoán Thành phố Hồ Chí Minh (HOSE) từ tháng 12/2020.",Tòa nhà Vinaconex - 34 Láng Hạ - Q.Đống Đa - Tp.Hà Nội,http://www.vinaconex.com.vn
VCI,CTCP Chứng khoán Bản Việt,Tài chính và bảo hiểm,"Công ty Cổ phần Chứng khoán Bản Việt (VCSC) được thành lập năm 2007. Năm 2017, VCSC niêm yết và giao dịch trên Sở Giao dịch Chứng khoán Thành phố Hồ Chí Minh (HOSE). Ngày 12/07/2021, tăng vốn điều lệ lên 3,330 tỷ đồng. Chứng khoán Bản Việt kinh doanh chủ yếu trên lĩnh vực chứng khoán, bao gồm các hoạt động: Môi giới chứng khoán, Tự doanh chứng khoán, Tư vấn đầu tư chứng khoán, Bảo lãnh phát hành chứng khoán, Lưu ký chứng khoán, Các dịch vụ ngân hàng đầu tư.",Tầng 15 - Tháp Tài chính Bitexco - 2 Hải Triều - Q. 1 - Tp. Hồ Chí Minh,http://www.vcsc.com.vn
VGC,Tổng Công ty Viglacera - CTCP,"Kinh doanh vật liệu xây dựng, trang thiết bị làm vườn","Năm 1974, doanh nghiệp được thành lập với tên gọi Công ty Gạch ngói Sành sứ Xây Dựng. Năm 2010, chuyển Công ty mẹ - Tổng công ty Thủy tinh và Gốm Xây dựng thành công ty TNHH một thành viên và đổi tên thành Tổng công ty Viglacera. Năm 2016, Viglacera đã chính thức niêm yết cổ phiếu trên Sàn giao dịch Chứng khoán Hà Nội - HNX với mã chứng khoán VGC. Ngành nghề kinh doanh chính: Đầu tư, xây dựng, kinh doanh phát triển nhà ở, bất động sản; Đầu tư, xây dựng và kinh doanh hạ tầng kỹ thuật khu công nghiệp, hạ tầng đô thị; Sản xuất và kinh doanh vật liệu xây dựng; Khai thác, chế biến và kinh doanh khoáng sản; Thi công xây lắp các công trình dân dụng, công nghiệp, hạ tầng kỹ thuật.",Tầng 16-17 Tòa nhà Viglacera - Số 1 Đại lộ Thăng Long - P.Mễ Trì - Q.Nam Từ Liêm - Tp.Hà Nội,http://www.viglacera.com.vn
VHC,CTCP Vĩnh Hoàn,Sản xuất thực phẩm,"CTCP Vĩnh Hoàn được thành lập năm 1997 tại tỉnh Đồng Tháp thuộc đồng bằng sông Cửu Long, chuyên nuôi trồng và chế biến các sản phẩm cá tra đông lạnh. Hiện nay, Vĩnh Hoàn đã vươn lên dẫn đầu ngành cá tra về nuôi trồng, sản xuất và xuất khẩu. Năm 2007, Vĩnh Hoàn chính thức niêm yết cổ phiếu trên Sở Giao dịch Chứng khoán Thành phố Hồ Chí Minh (mã VHC). Các lĩnh vực kinh doanh: Nuôi trồng, đánh bắt, chế biến, bảo quản thủy hải sản; Mua bán thủy hải sản, máy móc thiết bị, hóa chất, nông sản thực phẩm, súc sản, nguyên vật liệu phục vụ sản xuất; Kinh doanh dịch vụ du lịch sinh thái, xây dựng nhà các loại, kinh doanh bất động sản; Sản xuất bao bì giấy, in các loại...",Quốc lộ 30 - P. 11 - Tp. Cao Lãnh - T. Đồng Tháp,http://vinhhoan.com/
VHM,CTCP Vinhomes,Xây dựng và Bất động sản,"CTCP Vinhomes có tiền thân là Công ty Cổ phần Đô thị BIDV-PP được thành lập năm 2008 với vốn điều lệ ban đầu là 300 tỷ đồng. Năm 2018, cổ phiếu VHM giao dịch trên Sở Giao dịch Chứng khoán Thành phố Hồ Chí Minh (HOSE). Công ty hoạt động chính trong các lĩnh vực Đầu tư, phát triển và kinh doanh bất động sản nhà ở, văn phòng và các hạng mục liên quan; Chuẩn bị mặt bằng, lắp đặt trang thiết bị và hoàn thiện công trình xây dựng; Cho thuê máy móc, thiết bị công trình; Kinh doanh dịch vụ khách sạn, nhà hàng, dịch vụ vui chơi, giải trí. Là Công ty con trực thuộc Tập đoàn Vingroup, VHM có nhiều thuận lợi trong việc tham gia triển khai các dự án bất động sản, có mối quan hệ chặt chẽ với các đối tác kinh doanh bất động sản của công ty mẹ cũng như hưởng lợi từ lợi thế của hệ sinh thái Vingroup.",Tòa nhà văn phòng Symphony - Đường Chu Huy Mân - KĐT Sinh thái Vinhomes Riverside - P. Phúc Lợi - Q. Long Biên - Tp. Hà Nội,https://vinhomes.vn/
VIB,Ngân hàng TMCP Quốc tế Việt Nam,Tài chính và bảo hiểm,"Ngân hàng Thương mại Cổ phần Quốc tế Việt Nam được thành lập năm 1996 với vốn điều lệ ban đầu là 50 tỷ đồng. Năm 2008, ký thỏa thuận hợp tác kinh tế toàn diện với Ngân hàng Commonwealth Bank of Australia (CBA). Năm 2020, cổ phiếu VIB chính thức giao dịch trên sàn HOSE. Ngân hàng được thành lập nhằm thực hiện các giao dịch ngân hàng gồm huy động và nhận tiền gửi ngắn hạn, trung hạn và dài hạn từ các tổ chức và cá nhân; cho vay ngắn hạn, trung hạn và dài hạn đối với các tổ chức và cá nhân trên cơ sở tính chất và khả năng nguồn vốn của Ngân hàng; thực hiện các giao dịch ngoại tệ, các dịch vụ tài trợ thương mại quốc tế, chiết khấu thương phiếu, trái phiếu và các giấy tờ có giá khác. VIB đã ký kết thỏa thuận đối tác với Prudential Việt Nam, trở thành đối tác cùng triển khai mô hình kinh doanh bảo hiểm nhân thọ qua ngân hàng (Bancassurance).",Tầng 1 (tầng trệt) và tầng 2 toà nhà Sailing Tower số 111A Pasteur - P. Bến Nghé - Q. 1 - Tp. HCM,http://www.vib.com.vn
VIC,Tập đoàn VINGROUP - CTCP,Xây dựng và Bất động sản,"Tập đoàn VINGROUP được thành lập năm 2002, tiền thân là Công ty Cổ phần Thương mại Tổng hợp Việt Nam với vốn điều lệ ban đầu là 196 tỷ đồng. Năm 2007, cổ phiếu VIC giao dịch trên Sở Giao dịch Chứng khoán Thành phố Hồ Chí Minh (HOSE). Các lĩnh vực kinh doanh chính của công ty bao gồm Kinh doanh bất động sản; Dịch vụ cho thuê văn phòng, nhà ở, máy móc, thiết bị công trình; Kinh doanh khách sạn; Dịch vụ giải trí, vui chơi; Dịch vụ làm đẹp thẩm mỹ; Dịch vụ ăn uống, giải khát; Xây dựng Dân dụng và công nghiệp; Dịch vụ y tế. VIC là chủ đầu tư bất động sản lớn nhất Việt Nam với lượng quỹ đất khoảng 177 triệu m2.",Số 07 đường Bằng Lăng 1 - KĐT sinh thái Vinhomes Riverside - P. Việt Hưng - Q. Long Biên - Tp. Hà Nội,http://www.vingroup.net
VIX,CTCP Chứng khoán VIX,Tài chính và bảo hiểm,"VIX tiền thân là Công ty Cổ phần Chứng khoán Vincom được thành lập với vốn điều lệ 300 tỷ đồng. Cổ phiếu của Công ty được niêm yết tại Sở Giao dịch Chứng khoán Hà Nội từ ngày 29/12/2009 và chuyển sang niêm yết chính thức tại Sở Giao dịch Chứng khoán TP. Hồ Chí Minh từ ngày 08/01/2021. Các hoạt động kinh doanh chính của VIX là môi giới chứng khoán, tự doanh chứng khoán, bảo lãnh phát hành chứng khoán, tư vấn đầu tư chứng khoán và lưu ký chứng khoán.",Tầng 22 số 52 Phố Lê Đại Hành - P. Lê Đại Hành - Q. Hai Bà Trưng - Hà Nội,http://www.vixs.vn
VJC,CTCP Hàng không Vietjet,Vận tải và kho bãi,"Công ty Cổ phần Hàng không Vietjet được thành lập theo luật doanh nghiệp có Giấy chứng nhận đăng ký doanh nghiệp số 0102325399 do Sở Đầu tư và Kế hoạch TP. Hà Nội cấp lần đầu ngày 23/07/2007. Đến năm 2017, doanh nghiệp chính thức được niêm yết trên HoSE với mã VJC. Doanh nghiệp hướng đến hoàn chỉnh chuỗi cung ứng hàng không với các đơn vị liên quan đều có hoạt động trong ngành, gồm hoạt động kinh doanh cốt lõi là vận tải hàng không; hoạt động thượng nguồn là nhà sản xuất (đối tác của Airbus và các hãng sản xuất động cơ), cho thuê tàu bay và dịch vụ hàng không; bên cạnh đó là hoạt động hạ nguồn với vai trò là đại lý giao nhận.",Đơn Nguyên 1 - Nhà 2C - Khu Đoàn Ngoại giao Vạn Phúc - P. Ngọc Khánh - Q. Ba Đình - Tp. Hà Nội,http://www.vietjetair.com
VND,CTCP Chứng khoán VNDirect,Tài chính và bảo hiểm,"Công ty Cổ phần Chứng khoán VNDIRECT (VND) được thành lập với vốn điều lệ ban đầu là 50 tỷ đồng vào năm 2006. Công ty hoạt động trong lĩnh vực môi giới lưu ký chứng khoán, tư vấn tài chính doanh nghiệp, tự doanh, bảo lãnh phát hành và quản lý danh mục đầu tư. VND được niêm yết và giao dịch trên Sở Giao dịch Chứng khoán Thành phố Hồ Chí Minh (HOSE) từ tháng 08/2017. Năm 2021, VND tăng vốn điều lệ lên hơn 2,204 tỷ đồng...",Số 1 Nguyễn Thượng Hiền - P. Nguyễn Du - Q. Hai Bà Trưng - Tp. Hà Nội,https://www.vndirect.com.vn/
VNM,CTCP Sữa Việt Nam,Sản xuất thực phẩm,"Tiền thân của công ty là Công ty Sữa - Cà Phê Miền Nam, trực thuộc Tổng Cục thực phẩm được thành lập năm 1976. Tháng 11/2003, Công ty chuyển sang hình thức cổ phần, chính thức đổi tên là Công ty Cổ phần Sữa Việt Nam (Vinamilk). Năm 2014, VNM góp 51% vốn thành lập Công ty AngkorMilk tại thị trường Campuchia và góp 100% vốn thành lập công ty con Vinamilk Europe Spostkaz Ograniczona Odpowiedzialnoscia tại Ba Lan. Năm 2017, VNM Thành lập Trung tâm Sữa tươi nguyên liệu Củ Chi, đầu tư vào ngành đường với việc nắm 65% cổ phần của Công ty Cổ phần Đường Việt Nam (tiền thân là Công ty Cổ phần Đường Khánh Hoà) và 25% góp vốn vào Công ty Cổ phần Chế Biến Dừa Á Châu. Năm 2019, VNM đầu tư nắm giữ 75% cổ phần của Công ty Cổ phần GTNFoods, qua đó tham gia điều hành Công ty Cổ phần Sữa Mộc Châu.",Tòa nhà Vinamilk - Số 10 Tân Trào - P. Tân Phú - Q. 7 - Tp. Hồ Chí Minh,http://www.vinamilk.com.vn
VPB,Ngân hàng TMCP Việt Nam Thịnh Vượng,Tài chính và bảo hiểm,"Ngân hàng TMCP Việt Nam Thịnh Vượng (VPB, VPBank) được thành lập năm 1993 dưới tên gọi Ngân hàng TMCP Doanh nghiệp ngoài Quốc doanh Việt Nam. VPBank phát triển mạng lưới lên 229 chi nhánh và phòng giao dịch, với đội ngũ gần 21,000 cán bộ nhân viên. Số lượng khách hàng hiện tại sử dụng dịch vụ của Ngân hàng đã tăng lên hơn 3 triệu khách hàng cá nhân, gần 150 ngàn hộ kinh doanh cá thể, hơn 80 nghìn doanh nghiệp và hơn 10 triệu khách hàng của Công ty Tài chính TNHH MTV VPBank (FE Credit). VPBank cũng có quan hệ đại lý với hơn 450 ngân hàng, chi nhánh ngân hàng tại gần 60 quốc gia và vùng lãnh thổ. Trong đó, VPBank đã thiết lập quan hệ với các ngân hàng lớn có mạng lưới rộng khắp trên thế giới như Citibank, JP Morgan Chase, Standard Chartered Bank, Deutsche Bank, Commerzbank, ICBC…",Số 89 Láng Hạ - P. Láng Hạ - Q. Đống Đa - Tp. Hà Nội,http://www.vpbank.com.vn/
VPI,CTCP Đầu tư Văn Phú - INVEST,Xây dựng và Bất động sản,"CTCP Đầu tư Văn Phú - Invest (VPI) có tiền thân là Chi nhánh tại Hà Nội của Công ty Đầu tư Xây dựng và Kinh doanh nhà Quảng Ninh, được thành lập vào năm 2003. VPI niêm yết và giao dịch trên Sở Giao dịch Chứng khoán Thành phố Hồ Chí Minh (HOSE) từ năm 2018. Công ty hoạt động trong các lĩnh vực tư vấn đầu tư, xây dựng, phát triển và kinh doanh bất động sản. VPI đã tham gia thiết kế, thi công được nhiều công trình, dự án quy mô lớn với tổng mức đầu tư lên đến hàng chục ngàn tỷ đồng như Khu đô thị mới Văn Phú, The Văn Phú Victoria, Home City, Hùng Sơn Villa, Giảng Võ Complex...",Số 104 Thái Thịnh - P. Trung Liệt - Q. Đống Đa - Tp. Hà Nội,http://vanphu.vn/
VRE,CTCP Vincom Retail,Xây dựng và Bất động sản,"CTCP Vincom Retail (VRE) có tiền thân là Công ty TNHH Vincom Retail được thành lập vào năm 2012. VRE là công ty thành viên của Tập đoàn Vingroup (VIC), phát triển và vận hành hệ thống trung tâm thương mại mang thương hiệu Vincom của Tập đoàn. Công ty hoạt động trong lĩnh vực cho thuê các trung tâm thương mại bán lẻ và các dịch vụ liên quan, cũng như đầu tư phát triển và kinh doanh các loại hình bất động sản với 4 mô hình sản phẩm: Vincom Center, Vincom Mega Mall, Vincom Plaza và Vincom+. VRE có 80 trung tâm thương mại, 1.7 triệu m2 diện tích sàn bán lẻ trung tâm thương mại ở 43 tỉnh thành phố trên cả nước.",Số 7 - Đường Bằng Lăng 1 - KĐT sinh thái Vinhomes Riverside - P. Việt Hưng - Q. Long Biên - Tp. Hà Nội,http://vincom.com.vn/
