Ticker,Category,Info,Address,Link
AAS,Tài chính,"SmartInvest được biết đến như một Công ty có hệ thống core giao dịch  hiện đại, thường xuyên được nâng cấp và được nhà đầu tư tín nghiệm nhờ chất lượng dịch vụ an toàn, ổn định cùng với sự hỗ trợ của các dịch vụ tư vấn đầu tư, phân tích và thông tin nhanh nhạy trên thị trường chứng khoán. Bên cạnh đó, trụ sở Công ty ở vị trí trung tâm Hà Nội, khu vực tập trung sự phát triển năng động, SmartInvest có những lợi thế nhất định trong việc thu hút khách tiềm năng.","Tầng 2,3,4  số 31-33-35-37 ngõ 180 Nguyễn Lương Bằng, Quang Trung, Đống Đa, HN",https://www.sisi.com.vn/
ABB,Tài chính,"Năm 2018, ABBank tự hào nhận giải thưởng Ngân hàng phát triển Bán lẻ tốt nhất VN 2018 Năm thứ 3 liên tiếp và giải thưởng Ngân hàng Dịch vụ khách hàng tốt nhất VN 2018 do tạp chí Global Bnaking and Finance Review trao tặng. Trong năm 2019, Ngân hàng tiếp tục được Moody's duy trì đánh giá chung ở mức B1. Ngày 28/05/2019, ABBank là 1 trong 7 Ngân hàng đầu tiên chuyển đổi thành công thẻ từ nội địa sang thẻ chip nội địa theo tiêu chuân VCCS của Ngân hàng nhà nước VN","Tầng 1,2,3 Tòa nhà Geleximco, số 36 Hoàng Cầu, phường Ô Chợ dừa, quận Đống Đa, Hà Nội",www.abbank.vn
AFX,Hàng tiêu dùng,"Công ty có lợi thế cạnh tranh là nằm trên địa bàn vùng trọng điểm lúa gạo, kinh nghiệm thương trường nhiều năm (xuất gạo từ năm 1990), cơ sở hạ tầng chế biến, bảo quản đồng bộ hoàn chỉnh và liên tục được công nhận là doanh nghiệp xuất khẩu uy tín từ năm 2004 đến nay. Đối thủ cạnh tranh là Công ty các thành viên của Tổng Công ty Lương thực Miền Nam, Tổng Công ty Lương thực Miền Bắc, Công ty TNHH Đầu tư Sản xuất Thương mại Dịch vụ Phan Minh, Công ty TNHH SX TM Phương Quân, Công ty TNHH MTV DL TM Kiên Giang, Công ty CP Tập Đoàn Intimex, Công ty CP XNK An Giang (Angimex – AGM), …","Số 2045, đường Trần Hưng Đạo, khóm Thạnh An, Phường Mỹ Thới, Thành phố Long Xuyên, Tỉnh Anh Giang",www.afiex.com.vn
AMS,Công nghiệp,"Sau 8 năm thành lập, Cong ty đã và đang đạt được những kết quả và thành công đáng kể. Doanh thu và Tổng tài sản tăng trưởng cao. Doanh thu năm 2015 là 742 tỷ đồng. Thuộc nhóm Top đầu trong ngành cơ khí. Công ty trở thành địa chỉ tin cậy của nhiều Công ty. Nhà thầu trong và ngoài nước như JEL, Marubeni...Bộ máy quản lý tinh gọn, nhiều kinh nghiệm làm việc, năng động, đội ngũ kỹ sư, kỹ thuật giỏi, chuyên nghiệp, đội ngũ công nhân đầy nhiệt huyết, nhiều thợ hàn và thợ lành nghề đạt chứng chỉ quốc tế, đã từng tham gia nhiều công trình lớn, trọng đại của Việt Nam. Cùng đó là dây chuyền công nghệ mới, được đầu tư thiết hiện đại, liên tục có những cải tiến kỹ thuật phục vụ sản xuất.","K35 quốc lộ 10, xã Quốc Tuấn, huyện An Lão, thành phố Hải Phòng",www.amecc.com.vn
ANT,Hàng tiêu dùng,"Doanh nghiệp dẫn đầu và cũng là doanh nghiệp có trang thiết bị máy móc hiện đại nhất trong lĩnh vực rau quả đông lạnh IQF tại Đồng Bằng Sông Cửu Long và phía Nam. Có kinh nghiệm trên 20 năm trong sản xuất, chế biến và xuất khẩu các loại rau quả đông lạnh IQF và đóng hộp. Có nhà xưởng và thiết bị hiện đại được nhập khẩu trực tiếp 100% từ Mỹ, Đan Mạch, Thụy Điển có tổng công suất 25.000 tấn/năm. Ngoài ra, Công ty còn được nhiều khách hàng trong và ngoài nước đánh giá có uy tín về chất lượng sản phẩm và hệ thống quản lý tốt như ISO, BRC FOODS, IFS, KOSHER, HALAL, SEDEX, GLOBAL GAP.","Số 67-71-73 Nguyễn Huệ, phường Mỹ Long, thành phố Long Xuyên, tỉnh An Giang",www.antesco.com
APF,Hàng tiêu dùng,"CTCP Nông sản Thực phẩm Quảng Ngãi hiện là một trong những doanh nghiệp lớn trong ngành sản xuất kinh doanh nông sản. Các sản phẩm nông sản của Công ty đã khẳng định được thương hiệu đối với thị trường trong nước và khu vực. Công ty cổ phần Nông sản Thực phẩm Quảng Ngãi hoạt động với mục tiêu phát triển ngày càng lớn mạnh, kinh doanh có hiệu quả, tập trung đầu tư nguồn lực về con người và tài chính để mở rộng thị trường, đổi mới công nghệ thiết bị để nâng cao chất lượng sản phẩm Tinh bột sắn và Cồn thực phẩm, phấn đấu trở thành một trong những nhà sản xuất và cung cấp tinh bột sắn hàng đầu khu vực.","48 Phạm Xuân Hòa, phường Trần Hưng Đạo, thành phố Quảng Ngãi, tỉnh Quảng Ngãi, Việt Nam",http://www.apfco.com.vn
BCA,Vật liệu cơ bản,"Công ty có thời gian hoạt động hơn 16 năm trong ngành, với kinh nghiệm và bề dày hoạt động trên khu vực miền Bắc và uy tín của mình, các sản phẩm phôi thép và thép được các khách hàng lựa chọn tin dùng nhiều năm nay. Mặc dù quy mô Công ty trong ngành thép chỉ ở mức trung bình nhưng Công ty đã tạo dựng được mạng lưới đối tác, khách hàng thường xuyên trong khu vực.","Km 77+500, Kim Liên, Kim Thành, Hải Dương",www.bch.com.vn
BMS,Tài chính,"Công ty có Vốn điều  lệ là 500 tỷ đồng được phép thực hiện tất cả các nghiệp vụ của Công ty chứng khoán. Trong tương lai Công ty sẽ hướng tới nhóm 20 Công ty chứng khoán có vốn điều lệ cao nhất, cung cấp đa dạng sản phẩm dịch vụ với chất lượng tốt nhất có thể.","Lầu 3 - Tòa nhà PaxSky - 34A Phạm Ngọc Thạch, P.6, Q.3, Tp Hồ Chí Minh",www.bmsc.com.vn
BOT,Công nghiệp,"Với thế mạnh là một doanh nghiệp được thành lập từ các cổ đông là pháp nhân có kinh nghiệm lâu năm trong lĩnh vực thi công xây dựng và năng lực tài chính mạnh, đội ngũ Ban lãnh đạo có kinh nghiệm trong hoạt động quản lý doanh nghiệp và có kiến thức chuyên sâu liên quan đến xây dựng. Công ty đã tham gia và thắng thầu dự án BOT Cầu Thái Hà. Hiện tại Công ty chỉ thực hiện đầu tư triển khai dự án BOT Cầu Thái Hà thuộc địa bàn tỉnh Hà Nam và Thái Bình.","Thôn Phú Vật, xã Tiến Đức, huyện Hưng Hà, tỉnh Thái Bình",botcauthaiha.com.vn
BSR,Dầu khí,"BSR hiện là nhà máy lọc dầu đang được vận hành duy nhất tại Việt Nam với công suất thiết kế là 6,5 triệu tấn dầu thô mỗi năm và vốn đầu tư được phê duyệt là 3 tỷ USD. Hàng năm, nhà máy cung cấp khoảng 30% nhu cầu xăng dầu của cả nước. Với vị thế là nhà máy lọc dầu duy nhất hoạt động tại Việt Nam, BSR hiện tiêu thụ khoảng trên 40% sản lượng dầu khai thác nội địa. Việc nhà máy đi vào vận hành giúp Việt Nam hoàn thiện chuỗi ngành khai thác – chế biến dầu khí.","208 Đại lộ Hùng Vương, phường Trần Phú, thành phố Quảng Ngãi, tỉnh Quảng Ngãi",www.bsr.com.vn
BTN,Công nghiệp,"Công ty là một đơn vị luôn đi đầu trong lĩnh vực sản xuất vật liệu xây dựng và không ngừng đổi mới công nghệ, nâng cao chất lượng kinh doanh. Chất lượng sản phẩm luôn được Công ty chsu trọng cải thiện góp phần tạo niềm tin cho người tiêu dùng vào sản phẩm gạch Tuy nên Bình Định. Công ty có nhiều năm kinh nghiệm trong lĩnh vực sản xuất vật liệu xây dựng và luôn đi tắt đón đầu trong lĩnh vực chuyển đổi sản phẩm mới phù hợp thích nghi với người tiêu dùng và điều kiện môi trường như đầu tư vào việc xây dựng Nhà máy gạch không nung với hai dây chuyền sản xuất.","Km 1215, quốc lộ 1A, xã Phước Lộc, huyện Tuy Phước, tỉnh Bình Định",www.tuynenbinhdinh.com.vn
BVB,Tài chính,"Trải qua 27 năm hoạt động, với nhiều thay đổi, đến nay với tầm nhìn và chiến lược kinh doanh đúng đắn, Ngân hàng TMCP Bản Việt đang dần khẳng định vị thế của mình trên thị trường tài chính ngân hàng với khả năng đáp ứng linh hoạt các nhu cầu đa dạng về sản phẩm dịch vụ, tiện ích của Khách hàng với đội ngũ nhân sự năng động.","Tòa nhà HM Town, 412 Nguyễn Thị Minh Khai, phường 5, quận 3, thành phố Hồ Chí Minh",https://www.vietcapitalbank.com.vn/
BVG,Vật liệu cơ bản,"Sau 11 năm hoạt động và phát triển công ty đã tìm được vị thế của mình trên thương trường, với các sản phẩm chủ đạo như sản phẩm cầu trục thương hiệu DAMSAN, thép cán nóng và thép tấm, ống thép hàn đen và mạ, sản phẩm nhựa cao cấp, sản phẩm khuân mẫu,...Hiện nay công ty đang nắm quyền kiểm soát hoặc cổ phần chi phối của 6 công ty con.","Tầng 1, số nhà SH01, tòa nhà AZ Sky, KĐT mới Định Công, Quận Hoàng Mai, Thành phố Hà Nội, Việt Nam.",bacvietgroup.com
C4G,Công nghiệp,"CIENCO4 là đơn vị hàng đầu trong lĩnh vực xây dựng cơ sở hạ tầng và là đối tác uy tín của nhiều tổ chức trong nước và quốc tế như ADB, Worldbank, Jica, Bộ giao thông vận tải...CIENCO4 là nhà thầu được Bộ giao thông vận tải xếp hạng cao nhất trong làm chủ đầu tư các dự án xây dựng cơ sở hạ tầng giai đoạn 2012 – 2015. Với năng lực, thi công đã được khẳng định qua bề dày lịch sử và các công trình lớn, CIENCO4 là nhà thầu đã trúng thầu các dự án quy mô lớn sử dụng vốn vay ODA từ các tổ chức uy tín và yêu cầu chất lượng xây dựng cao.","Tầng 10 – 11, tòa nhà ICON4, số 243A Đê La Thành, phường Láng Thượng, quận Đống Đa, thành phố Hà Nội",http://www.CIENCO4.vn
CBI,Vật liệu cơ bản,"CTCP Gang thép Cao Bằng là một đơn vị mới gia nhập ngành sản xuất phôi thép nhưng bước đầu đã khẳng định được chất lượng sản phẩm. Hiện nay, sản phẩm phôi thép của Công ty đã được hầu hết các Nhà máy thép trong nước như: CTCP gang thép Thái Nguyên; Cán Thép Lưu Xá; Cán thép Việt Úc; Cán thép Thái Hưng….. tiêu thụ và được các khách hàng đánh giá chất lượng tốt. Sản phẩm gang đúc của Công ty đã được xuất khẩu đi thị trường Ấn Độ, Đài Loan.","Số 52 phố Kim Đồng, phường Hợp Giang, thành phố Cao Bằng, tỉnh Cao Bằng",gtcb.com.vn
CDO,Công nghiệp,"Kinh doanh khách sạn dịch vụ: Trong hoạt động này CDO bước đầu định vị đối thủ cạnh tranh là nhóm những khách sạn 4 -5 sao nằm trong nội thành Hà Nội. Tới đầu năm 2016, thị trường Hà Nội có khoảng 9.231 phòng khách sạn từ 3-5 sao. Là khách sạn ra đời sau song với vị trí thuận lợi và chính sách giá cả linh hoạt, CDO phấn đấu đạt hệ số sử dụng phòng 90% năm 2016 nằm trong top khách sạn hoạt động hiệu quả tại Hà Nội. Đối với mảng kinh doanh vật liệu xây dựng, công ty là một nhà cung cấp tầm trung với phân khúc khách hàng tầm trung. Qua nhiều năm hoạt động công ty đã tạo được thương hiệu, uy tín trong ngành xây dựng.","194 Đường Bưởi, Cống Vị, Ba Đình, HN",http://cddc.vn/
CEN,Dịch vụ tiêu dùng,"Quy mô tổng tài sản cũng như nguồn vốn chủ sở hữu của Công ty hiện tại còn nhỏ so với các doanh nghiệp cùng ngành trên thị trường, hoạt động kinh doanh chưa đa dạng. Công ty chủ yếu tập trung vào lĩnh vực buôn bán tổng hợp, phân phối thiết bị y tế, vật liệu xây dựng. Trong dài hạn, Công ty tìm kiếm thêm cơ hội phát triển  hoạt động kinh doanh các lĩnh vực, ngành nghề khác để có thể tối ưu hóa lợi nhuận và mang lại lợi ích cho cổ đông Công ty.","Lô 45-50B, Thủy Hoa, P. Duyên Hải, Tp. Lào Cai, Tỉnh Lào Cai",Cencon.vn
CLX,Dịch vụ tiêu dùng,"Tổ hợp Công ty mẹ - Công ty con Cholimex hoạt động trong và ngoài nước: đầu tư tài chính, đầu tư kinh doanh hạ tầng khu công nghiệp, thực phẩm chế biến, xây dựng, thương mại, dịch vụ, phân phối hàng hóa...Trải qua quá trình hình thành và phát triển hơn 35 năm, đến nay Công ty Cholimex đã trở thành thương hiệu có uy tín, được nhiều người tiêu dùng và các nhà đầu tư trong và ngoài nước biết đến. Trong quá trình hoạt động, Công ty đã tạo dựng được mối quan hệ tốt với các cơ quan quản lý nhà nước ở Trung ương, các tỉnh thành, địa phương và các tổ chức tài chính, ngân hàng, các đối tác kinh doanh và ngoài nước.","631-633 Nguyễn Trãi, phường 11, quận 5, thành phố Hồ Chí Minh",www.cholimex.com.vn
CST,Vật liệu cơ bản,"Trước khi bị hợp nhất  CTCP Than Cao Sơn - Vinacomin và CTCP Than Tây Nam Đá Mài - Vinacomin luôn duy trì vị thế là một trong những doanh nghiệp là một trong những công ty con đóng góp lượng doanh thu lớn cho Tập đoàn Công nghiệp Than Khoáng sản Việt Nam. Trong năm 2018, Tổng sản lượng tiêu thụ của Công ty CP Than Cao Sơn - Vinacomin đạt hơn 3,25 triệu tấn, đóng góp hơn 8% tổng sản lượng tiêu thụ của Tập đoàn. Sau khi hợp nhất với CTCP Than Tây Nam Đá Mài - Vinacomin hình thành CTCP Than Cao Sơn - TKV , Công ty sau hợp nhất sẽ tiếp tục giữ vứng vị thế cũ và có thêm nhiều điều kiện để nâng cao hơn vị thế của mình.","Toor 1, Khu Cao Sơn 2, Phường Cẩm Sơn - Thành phố Cẩm Phả - Tỉnh Quảng Ninh",http://www.thancaoson.com.vn/
CTR,Viễn thông,"Công ty dẫn đầu trong lĩnh vực xây lắp các công trình viễn thông trong nước. Công ty đã xây dựng hệ thống hạ tầng mạng lưới viễn thông của Viettel bao phủ 100% các huyện và hầu hết các xã trong cả nước. Hiện nay, Công ty đang từng bước phát triển ngành nghề mới vận hành khai thác hạ tầng mạng lưới viễn thông trong nước và tiến tới vận hành khai thác mạng lưới viễn thông nước ngoài, Công ty xác định đây là sự dịch chuyển lớn rất quan trọng đối với sự phát triển bền vững của Công ty trong tương lai.","Số 1 Giang Văn Minh, Phường Kim Mã, Quận Ba Đình, Hà Nội",congtrinhviettel.com.vn
DDV,Vật liệu cơ bản,"Công ty Cổ phần DAP-VINACHEM là một trong những doanh nghiệp sản xuất phân bón hàng đầu tại Việt Nam. Hoạt động trong lĩnh vực sản xuất phân bón, là đơn vị đầu tiên sản xuất phân bón DAP ở Việt Nam, sản phẩm phân bón DAP ĐÌNH VŨ của Công ty là phân bón cao cấp hỗn hợp, ngoài ra còn là nguyên liệu để sản xuất của các loại phân bón NPK phục vụ ngành sản xuất nông nghiệp, lâm nghiệp trong nền kinh tế quốc dân.Trong vài năm trở lại đây, cùng với xu thế hội nhập kinh tế khu vực và thế giới, ngành hóa chất, phân bón có thêm nhiều doanh nghiệp được thành lập, điều này làm tăng sự khốc liệt của việc cạnh tranh trên thị trường. Nhưng với vị thế của một Công ty lớn, sản phẩm chất lượng tốt, giá thành sản phẩm hợp lý, nên Công ty vẫn gia tăng được thị phần sản phẩm và từng bước được khách hàng ưa chuộng, tạo được uy tín trên thị trường.","Lô N5.8, Khu công nghiệp Đình Vũ, Thuộc khu kinh tế Đình Vũ, Cát Hải, Phường Đông Hải 2, Quận Hải An, TP. Hải Phòng",www.dapdinhvu.com.vn
DFF,Công nghiệp,"Trải qua hơn 11 năm phấn đấu và phát triển, Công ty đã từng bước khẳng định năng lực của mình trong lĩnh vực nền móng và xây dựng. Vươn mình từ một công ty xây dựng non trẻ do Kỹ sư Lê Duy Hưng với nhiệt huyết vô hạn cho công nghệ khoan địa chất, nay đã là CTCP Tập đoàn Đua Fat với hàng nghìn các bộ công nhân viên kỹ sư. Đặc điểm làm nên thương hiệu Đua Fat trên thị trường chính là dấu ấn khi tham gia xây dựng các công trình lớn, trọng điểm như: Khu liên hợp nhà máy gang thép và cảng nước sâu Hòa Phát Dung Quất - Bình Sơn Quãng Ngãi, Khu du lịch trên cao Bà Nà Hills ....","số 15, Liền kề 10, KĐT Xa La, Phúc La, Hà Đông, Hà Nội",duafat.com.vn
DGT,Công nghiệp,"Công ty cổ phần chuyên xây dựng về giao thông trong khu vực. Công ty đã có đội ngũ cán bộ, công nhân lành nghề lâu năm trong ngành cầu đường và đang hoạt động với phương thức đa ngành nghề và khép kín các sản phẩm. Với những yếu tố trên sự phát triển ngành xây dựng cơ bản, xây dựng cơ sở hạ tầng của công ty trong những năm tới là đầy triển vọng.","Số 200, đường Nguyễn Ái Quốc, P. Trảng Dài, TP. Biên Hòa, T. Đồng Nai;",https://dgtc.vn/
DRI,Vật liệu cơ bản,"Việc sản xuất và tiêu thụ sản phẩm của Công ty chủ yếu thực hiện tại Công ty con do Công ty đầu tư 100% vốn là Công ty TNHH Cao su Đắk Lắk tại Lào. Công ty con tại Lào hiện đang quản lý 9.326,79 ha, trong đó diện tích cây cao su 8.810,5 ha, điều 498.64 ha, bạch đàn 17.65 ha. Sản phẩm của Công ty được kiểm nghiệm bởi hệ thống phòng kiểm nghiệm đạt tiêu chuẩn ISO/IEC 17025, được quản lý bởi hệ thống quản lý đạt tiêu chuẩn ISO 9000:2015.","số 59 Cao Thắng, P. Tân An, Tp. Buôn Ma Thuột, Tỉnh Đăk Lăk",dri.com.vn
DVN,Y tế,"Hoạt động chính của Tổng Công ty hiện nay là đầu tư vào các công ty dược thành viên trong đó có những doanh nghiệp đứng hàng đầu trên thị trường dược phẩm trong nước. Nhiều doanh nghiệp được thành viên của Tổng Công ty có năng lực tài chính mạnh, mạng lưới phân phối rộng khắp và nhà máy sản xuất GMP với công nghệ hiện đại. Hiện nay Tổng Công ty là một trong 3 đơn vị được Bộ y tế cho phép tiến hành nghiên cứu tương đương sinh học. Năng lực nghiên cứu tương đương sinh học của Tổng Công ty là khoảng 20 nghiên cứu mỗi năm.","Số 12 phố Ngô Tất Tố, phường Văn Miếu, quận Đống Đa, thành phố Hà Nội",vinapharm.com.vn
EIN,Tài chính,"Đội ngũ lãnh đạo chủ chốt trong Hội đồng quản trị và Ban giám đốc Công ty là những người có kinh nghiệm trong lĩnh vực quản trị các dự án, hoạt động kinh doanh bất động sản, có sự kết hợp hài hòa giữa yếu tố kinh doanh với kỹ năng quản trị công ty. Công ty có đội ngũ cán bộ quản lý điều hành có trình độ đại học, sau đại học giàu kinh nghiệm. Công ty có quy trình, quy chế làm việc hiệu quả, bộ máy quản lý tinh gọn, nhạy bén cùng đội ngũ cán bộ công nhân viên có chuyên môn cao, giàu kinh nghiệm là yếu tố quan trọng quyết định đến thành công của Công ty trên thị trường.","04 Nguyễn Siêu, phường Bến Nghé, quận 1, thành phố Hồ Chí Minh",www.ecinvest.vn
EVF,Tài chính,"Trải qua chặng đường gần 10 năm hoạt động và phát triển mạnh mẽ với những thành tích kinh doanh vượt trội, Công ty đã nhiều lần được ghi nhận là một tổ chức tài chính uy tín với dnah hiệu Tập thể Lao động xuất sắc ngành Ngân hàng - Ngân hàng Nhà nước. Không những thế, so với một số Công ty tài chính hàng đầu tại Việt Nam, Công ty có kết quả hoạt động với hiệu quả cao. Chính việc tận dụng những lợi thế kinh doanh sẵn có đã giúp Công ty khẳng định vị thế vững chắc cũng như xây dựng được thương hiệu uy tín của mình trên thị trường - là công ty tài chính tổng hợp hàng đầu Việt Nam.","Tầng 14, 15 và 16 tháp B, tòa nhà EVN, số 11 Cửa Bắc, phường Trúc Bạch, quận Ba Đình, Hà Nội",www.evnfc.vn
G36,Công nghiệp,"Tổng công ty có thế mạnh truyền thống, thi công hàng nghìn công trình trong lĩnh vực thi công xây dựng các công trình, dân dụng, công nghiệp, giao thông, thủy lợi, thủy điện, nhiệt điện. Đầu tư kinh doanh bất động sản, đầu tư theo hợp đồng BOT, Sản xuất cơ khí, vận tải, rà phá bom mìn, vật liệu nổ, với lực lượng thiết bị hiện đại được nhập khẩu trực tiếp từ các nước tiên tiến trên thế giới như Mỹ, Nhật, Đức...Từ hiệu quả đạt được trên khắp mọi miền Tổ Quốc, Tổng công ty 36 là doanh nghiệp đầu tiên được Đảng Ủy Quân sự Trung ương, Bộ Quốc Phòng tin tưởng thí điểm thành công mô hình quản lý "" Công ty TNHH MTV"" đầu tiên trong Bộ Quốc Phòng và hiện đã được nhân rộng trong các doanh nghiệp quân đội.","Số 141 Hồ Đắc Di, phường Nam Đồng, quận Đống Đa, Hà Nội",www.36corporation.vn
HAC,Tài chính,"Haseco được thành lập vào năm 2003, là công ty chứng khoán đầu tiên và duy nhất có hội sở chính tại Hải Phòng cùng với đội ngũ cán bộ giàu kinh nghiệm và tận tình trong mọi dịch vụ, Haseco hướng tới mục tiêu lấy thị trường Hải Phòng làm trọng tâm và phát triển ra các tỉnh, thành phố khác. Trên địa bàn thành phố Hải Phòng, Haseco là Công ty chứng khoán được khách hàng tin cậy và nhớ đến đầu tiên với khả năng cung cấp hầu hết tất cả các dịch vụ về chứng khoán với chất lượng cao. Haseco đã củng cố được vị thế là Công ty chứng khoán hàng đầu tại Hải Phòng và đẩy mạnh phát triển mạng lưới của mình ra các thàn phố lớn trong phạm vi cả nước như Hà Nội, TP. HCM. Tầm nhìn của Haseco là phấn đấu trở thành 1 trong 10 công ty chứng khoán lớn nhất thị trường và trở thành đối tác tin cậy của Nhà đầu tư, khách hàng.","Số 24 Cù Chính Lan, phường Minh Khai, quận Hồng Bàng, thành phố Hải Phòng",www.haseco.vn
HD6,Tài chính,"Với phương châm "" hợp tác thân thiện- hướng tới thành công"", trải qua gần 30 năm xây dựng và phát triển, Handico 6 từ một đơn vị sửa chữa nhà cửa bé nhỏ ban đầu đã có những bước tiến và trưởng thành vượt bậc nhằm đáp ứng những yêu cầu đổi mới của nền kinh tế thị trường trong lĩnh vực xây dựng và kinh doanh nhà ở của thành phố. Thương hiệu Handico 6 đã tạo được chỗ đứng và không ngừng lớn mạnh, trở thành một trong những thương hiệu hàng đầu trong lĩnh vực phát triển nhà và khu đô thị mới ở Việt Nam.","Tầng 6A, tòa nhà Hỗn Hợp, lô đất C1, đường Lê Văn Lương, phường Nhân Chính, quận Thanh Xuân, thành phố Hà Nội",www.handico6.com.vn
HHV,Công nghiệp,"CTCP Quản lý và khai thác hầm đường bộ Hải Vân là công ty duy nhất được bộ Giao thông vận tải giao thông nhiệm vụ quản lý và khai thác hầm đường bộ Hải Vân. Thực hiện nhiệm vụ được giao, Công ty đã thành lập xí nghiệp bảo trì đường bộ và Hầm Hải Vân trực tiếp quản lý, vận hành và bảo trì thường xuyên công trình hầm đường bộ Hải Vân, đảm bảo an toàn cho các phương tiện tham gia giao thông qua hầm. Song song với việc quản lý hầm, công ty đã nổ lực khai thác việc vận chuyển xa máy và hành khách qua Hầm Hải Vân, sửa chữa các công trình giao thông, dân dụng, kết hợp sản xuất và kinh doanh nhũ tương nhựa đường, góp phần tăng thêm doanh thu cho Công ty.","Km11-500 Tuyến đường dẫn phía Nam hầm Hải Vân, P> Hòa Hiệp Bắc, Liên Chiểu, Tp. Đà Nẵng",www.hhv.com.vn
HMS,Công nghiệp,"Qua nhiều năm xây dựng và phát triển, Công ty đã tích lũy được nhiều kinh nghiệm trong công tác xây dựng các công trình công cộng và nhà ở. Uy tín của Công ty ngày càng được nâng cao và khẳng định. Hiện nay, Công ty là một trong ba Công ty có hiệu quả hoạt động cao của Tổng Công ty xây dựng Hà Nội trong các lĩnh vực xây lắp các công trình đặc biệt là các công trình dân dụng và các công trình công nghiệp. Một lợi thế quan trọng của Công ty là máy móc, thiết bị công nghệ hiện đại, đặc biệt là dàn thiết bị nâng hạ mới được đầu tư và được nhập khẩu từ các hãng nước ngoài uy tín. Nguồn nhân lực của Công ty có chất lượng cao, đội ngũ cán bộ kỹ sư, nhân viên có trình độ đại học trở lên chiếm 43% tổng số nhân viên toàn Công ty.","số 381 Đội Cấn, P. Liễu Giai, Q. Ba Đình, Tp.Hà Nội",www.hcmcc.com.vn
HSV,Vật liệu cơ bản,"Đối với các công ty thuần về hoạt động thương mại sắt thép phế liệu, thì Công ty cổ phần Gang thép Hà Nội là một trong những công ty có uy tín và là đối tác đáng tin cậy đối với khách hàng. Chúng tôi đánh giá nghành sắt thép phê liệu vẫn là ngành có tiềm năng tăng trưởng tốt, do nhu cầu đầu vào của các đơn vị sản xuất thép trong nước là rất lớn so với quy mô đầu ra hiện tại của Công ty. Vì vậy, trong các năm tới, Công ty sẽ tập trung nguồn lực để nâng cao sản lượng qua đó nâng quy mô doanh thu và lợi nhuận.","Số 68 Lưu Hữu Phước, Phường Cầu Diễn, Quận Nam Từ Liêm, Hà Nội",https://gangthephanoi.com
HTE,Công nghiệp,"Công ty có ưu thế vốn, nhân lực và kinh nghiệm của CBCNV trong Công ty, thế mạnh và hỗ trợ của các cổ đông lớn của Công ty, nắm bắt thông tin và đón đầu dự án kịp  thời để tạo lợi nhuận cho Công ty khi cạnh tranh với các Công ty khác trong cùng ngành. Theo kế hoạch đến năm 2025, Công ty sẽ đạt doanh số gần 1.000 tỷ đồng, là đơn vị đạt hiệu quản cao trong việc sản xuất, kinh doanh trong ngành điện.","14A, đường số 85, KP 1, Tân Quy, Q. 7, Tp.HCM",tradincorp.vn
HU4,Công nghiệp,"HUD4 là đơn vị thành viên Tổng công ty Đầu tư phát triển nhà và đô thị. Hiện nay, Tổng Công ty phát triển nhà và đô thị là một nhà đầu tư lớn và cũng là một trong Tổng nhà thầu lớn, có uy tín trong lĩnh vực xây dựng dân dụng và công nghiệp trong nước. Do đó, HUD4 có một lợi thế rất lớn trong việc mở rộng và phát triển thị trường. Trải quan hơn 20 năm xây dựng và phát triển, từ một đơn vị chuyên kinh doanh vật tư, thiết bị vật liệu xây dựng đến nay công ty đã có bước phát triển vượt bậc trong cong tác sản xuất kinh doanh, giành được nhiều thành tích xuất sắc, có mức tăng trưởng cao liên tục, bảo đảm công ăn việc làm cho người lao động.","Số 662 Bà Triệu, phường Điện Biên, thành phố Thanh Hóa, tỉnh Thanh Hóa",hud4.com.vn
ILA,Hàng tiêu dùng,"CTCP ILA (ILA JSC) hiện nay đang là một trong những công ty Holding có tiềm năng tăng trưởng mạnh trên thị trường, tập trung hoạt động chủ yếu trong ngành nông nghiệp, logistic và cơ điện. Với lợi thế nắm giữ công nghệ cao và chiến lược điều hành hiệu quả, trong nhiều năm hoạt động công ty đã xây dựng, sát nhập và quản lý các công ty thành viên có nền tảng hoạt động kinh doanh vững chắc, có tiềm năng khai thác lợi nhuận lâu dài.  Ngày 28/11/2017, CTCP ILA niêm yết trên sàn UpCom với mã cổ phiếu  “ILA”, hứa hẹn mở rộng tiềm năng cho công ty. Với phương châm luôn vững bước tiến lên phía trước, Công ty luôn nỗ lực để đem đến phần lớn giá trị cho cổ đông đồng thời tiến bước lên quy mô tập đoàn.","Số 20, Đường 20, Bình An, Quận 2, Tp>HCM",www.ilagroup.com.vn
KHB,Vật liệu cơ bản,"Với những chính sách ưu đãi nhằm thu hút đầu tư của tỉnh Hòa Bình vào lĩnh vực khai thác và chế biến khoáng sản, đặc biệt với những doanh nghiệp đã có truyền thống nhiều năm kinh nghiệm, có công nghệ khai thác tiên tiến, Công ty cổ phần Khoáng sản Hòa Bình đang có những lợi thế đáng kể so với những doanh nghiệp cùng ngành nghề trên địa bàn tỉnh. Với quyết tâm đón đầu công nghệ và phát triển bền vững, Công ty đã nghiên cứu và đưa vào sản xuất nhiều loại máy móc, thiết bị, quy trình hiện đại nhằm nâng cao tối đa năng suất cũng như giảm thiểu những tác động xấu tới môi trường và cảnh quan xung quanh, đảm bảo sức khỏe an toàn cho người lao động.","Xã Thống Nhất, Tp. Hoà Bình, tỉnh Hoà Bình",khb.com.vn
KLB,Tài chính,"Trải qua nhiều năm hình thành và phát triển, Ngân hàng TMCP Kiên Long đã không ngừng nỗ lực xây dựng và phát huy những lợi thế của mình, từng bước khẳng định được vị thế vững chắc của mình trong hệ thống Ngân hàng Việt Nam, gặt hái được nhiều thành tựu và tạo được niềm tin với khách hàng, đối tác trong và ngoài nước.","40-42-44 Phạm Hồng Thái, thành phố Rạch Giá, tỉnh Kiên Giang",www.kienlongbank.com
KSH,Vật liệu cơ bản,"Hamico có bề dày lịch sử lâu dài, có uy tín lớn trong lĩnh vực khai thác khoáng sản với nhiều khách hàng truyền thống. Hơn bốn mươi năm qua, Hamico đã phấn đấu không ngừng để tồn tại ổn định và phát triển. Mặc dù có lợi thế độc quyền nhưng các công ty hoạt động trong ngành chịu sự ảnh hưởng rất lớn từ các chính sách nhà nước như định hướng phát triển ngành khoáng sản, những ưu đãi, khuyến khích hay hạn chế..., ảnh hưởng chi phí đầu vào cho quá trình khai thác. Đứng trước tình hình trên Hamico cũng đã có những kế hoạch phù hợp định hướng phát triển của Công ty với định hướng của ngành, chính sách của Nhà nước, và xu thế chung trên thế giới.","số 99 An Trạch, Quốc Tử Giám, Đống Đa, HN",Damac.com.vn
LMH,Dịch vụ tiêu dùng,"Công ty Cổ phần Landmark Holding (LMH) có tiền thân là Công ty cổ phần Dịch vụ Tổng hợp Dầu khí Thăng Long được thành lập vào năm 2012. Công ty hoạt động chủ yếu trong lĩnh vực kinh doanh dung môi, hóa chất kinh doanh xăng dầu và lĩnh vực kinh doanh bất động sản. LMH trở thành công ty đại chúng từ tháng 05/2018. LMH đã xây dựng được vị thế trong lĩnh vực kinh doanh dung môi, hóa chất với sản phẩm chủ lực là dung môi Naphtha, Solmix và Ethanol. Bên cạnh đó, Công ty còn tham gia tham gia phân phối, bán lẻ xăng dầu, cung cấp các dịch vụ thương mại đi kèm và kinh doanh bất động sản. LMH được niêm yết và giao dịch trên Sở Giao dịch Chứng khoán Thành phố Hồ Chí Minh (HOSE) từ tháng 10/2018.","số 45, An Phú, p. An Phú, Tp. Thủ Đức, Tp.HCM",www.quocteholding.vn
LPT,Công nghiệp,"Qua hơn mười năm xây dựng và phát triển, từ một cơ sở dạy nghề nhỏ, đến nay Lập Phương Thành đã trở thành Trung tâm hàng đầu tại Hải Dương với đầy đủ cơ sở vật chất đạt tiêu chuẩn quốc gia, là đơn vị đào tạo, sát hạch lái xe đạt cả 2 tiêu chí chất lượng và số lượng học viên đào tạo / năm. Lưu lượng hiện nay đơn vị được cấp phép là 2.999 học viên với quy mô đào tạo khoảng 8.600 học viên học lái xe ô tô các hạng B1, B2, C và 5.000 học viên học lái xe mô tô hạng A1 trong một năm.","822, Đại lộ Lê Thanh Nghị, P. Hải Tân, Tp. Hải Dương, Tỉnh Hải Dương",lapphuongthanh.vn
LTG,Vật liệu cơ bản,"Tập đoàn Lộc Trời vẫn tiếp tục giữ vững dẫn đầu trong lĩnh vực cung cấp dịch vụ nông nghiệp - chiếm lĩnh thị trường Việt Nam với hơn 20% thị phần ngành thuốc bảo vệ thực vật, là nhà phân phối hạt giống lớn thứ hai tại Việt Nam, tập trung phân phối lúa giống, giống bắp lai và các giống rau dưa khác. Kể từ năm 2010, Tập đoàn mở rộng mạnh mẽ sang lĩnh vực chế biến và kinh doanh gạo và trở thành nhà cung cấp dịch vụ nông nghiệp hàng đầu Việt Nam theo mô hình liên kết dọc. Công ty có năng lực quản lý hệ thống phân phối, quản lý tài chính, maketting phù hợp với mục tiêu, chiến lược kinh doanh cũng như thích ứng với điều kiện kinh doanh.","Số 23 đường Hà Hoàng Hổ, phường Mỹ Xuyên, thành phố Long Xuyên, tỉnh An Giang",www.loctroi.vn
MLS,Hàng tiêu dùng,"CTCP Chăn nuôi - Mitraco là một trong những đơn vị chăn nuôi có quy mô lớn nhất tại địa bàn tỉnh Hà Tĩnh và cả nước. Hiện nay, công ty đang sử dụng công nghệ chăn nuôi tiên tiến của Thái Lan, đảm bảo tối đa an toàn vệ sinh môi trường. Bên cạnh đó, Chăn nuôi - Mitraco áp dụng hình thức chăn nuôi khép kín bằng hệ thống quạt công nghiệp hút qua hệ thống làm mát giấy cooling, thiết bị chuồng trại của Công ty được nhập khẩu từ Tây Ban Nha, trong khi lợn giống cấp ông bà được nhập khẩu từ Thái Lan.","Xóm Vĩnh Cát, xã Lưu Vĩnh Sơn, huyện Thạch Hà, tỉnh Hà Tĩnh",www.channuoimitraco.com.vn
MPC,Hàng tiêu dùng,"Minh Phú là doanh nghiệp xuất khẩu thủy sản có kim ngạch xuất khẩu lớn nhất trong tất cả các doanh nghiệp xuất khẩu thủy sản của Việt Nam. Từ những năm 2000, Minh Phú đã vươn lên đứng đầu và luôn giữ vị trí này. Đặc biệt từ khi nhà máy Minh Phú - Hậu Giang đi vào hoạt động, kim ngạch của công ty đã bỏ xa các doanh nghiệp khác. Nếu xét riêng về ngành tôm, kim ngạch của Minh Phú bằng Ba doanh nghiệp đứng sau cộng lại và chiếm khoảng 17% tổng giá trị xuất khẩu Tôm của Việt Nam.","Khu công nghiệp phường 8 thành phố Cà Mau, Tỉnh Cà Mau.",www.minhphu.com
MSR,Vật liệu cơ bản,"Masan Tài Nguyên là nhà sản xuất vonfram lớn nhất bên ngoài Trung Quốc, Mỏ Núi Pháo, tọa lạc tại Tỉnh Thái Nguyên thuộc Miền Bắc Việt Nam, là mỏ vonfram mới đầu tiên được phát triển khai thác và sản xuất thành công trong 15 năm qua. Mỏ đã được các nhà phân tích hàng đầu trong ngành công nghiệp khai khoáng đánh giá là một trong những mỏ vonfram lớn nhất được xác định bên ngoài Trung Quốc, với trữ lượng quặng tiềm năng đã được chứng mình là 66 triệu tấn. Masan Tài Nguyên tin rằng với đội ngũ quản lý giàu kinh nghiệm của mình, thuận lợi trong việc tiếp cận mỏ, khả năng thực hiện các dự án vượt trội, các đối tác nước quốc tế và khả năng huy động vốn, Masan Tài Nguyên đã phát triển nền tảng thích hợp nhất các nguồn lực này và xây dựng Công ty Núi Pháo thành công ty khai thác khoáng sản hàng đầu Việt Nam","Phòng 802, Tầng 8, Tòa nhà Central Plaza, Số 17 Lê Duẩn, phường Bến Nghé, quận 1, thành phố Hồ Chí Minh",https://masangroup.com/masanresources
MVC,Công nghiệp,"M&C Bình Dương là thương hiệu uy tín trong lĩnh vực sản xuất kinh doanh vật liệu xây dựng không chỉ trên địa bàn tỉnh Bình Dương mà còn trên địa bàn các tỉnh miền Đông và miền Tây. Với bề dày kinh nghiệm gần 40 năm về sản xuất vật liệu xây dựng về sản xuất vật liệu xây dựng như Gạch, ngói, đá, cát,... thương hiệu sản phẩm gạch ngói M&C Bình Dương được các nhà thầu xây dựng lớn khẳng định và tin tưởng trên thị trường. Hiện công ty có 2 nhà máy sản xuất gạch đất sét nung với tổng công suất 60 triệu viên/năm đủ khả năng cung cấp cho thị trường. Sản phẩm của M&C Bình Dương luôn được đánh giá cao về chất lượng và chiếm một vị trí quan trọng trong thị trường vật liệu xây dựng không chỉ riêng trên địa bàn tỉnh Bình Dương mà ở cả khu vực phía Nam.","Số 306 đường ĐT743, phường Bình Thắng, thị xã Dĩ An, tỉnh Bình Dương",http://www.vlxd-bd.com.vn
NAB,Tài chính,"Ngân hàng Nam Á thuộc nhóm ngân hàng tầm trung của ngành với hoạt động tập trung chủ yếu ở khu vực TP. HCM và các tỉnh phía nam. Trong thời gian qua, Ngân hàng Nam Á đã phát triển và mở rộng thị phần, đạt nhiều giải thưởng từ các tổ chức uy tín trong và ngoài nước. Với nhận thức rằng một trong những lý do chủ chốt tạo nên thành công cho một nagan hàng chính là niềm tin của khách hàng, Ngân hàng Nam Á đã nỗ lực phấn đấu, không ngừng nghiên cứu và thực hiện nhiều chính sách đổi mới về nhân sự, hiện đại hóa công nghệ thông tin,... nhằm mang lại lợi ích cao nhất cho khách hàng sử dụng sản phẩm.","Số 201 – 203 Cách mạng Tháng Tám, phường 4, quận 3, thành phố Hồ Chí Minh",www.namabank.com.vn
NDT,Hàng tiêu dùng,"Tổng công ty Cổ phần Dệt May Nam Định là một trong những đơn vị thành viên của tập đoàn Dệt May Việt Nam, luôn là một trong những đơn vị có thành tích cao đóng góp không nhỏ vào sự phát triển của ngành Dệt May Việt Nam. Hiện tại Công ty là nơi tạo nguồn thu đáng kể cho tỉnh nhà, thu hút và tạo việc làm cho nhiều lao động trong và lân cận tình Nam Định. Hiện tại các sản phẩm của Công ty được biết đến rộng rãi và được người tiêu dùng tin tưởng lựa chọn. Điều này khẳng định một vị trí quan trọng của Công ty trong ngành Dệt may Việt Nam. Sản phẩm của Công ty đã có mặt trên gần hết các tỉnh thành của Việt Nam và trên các nước lớn trên thế giới: Mỹ, Pháp, Nhật Bản, Hàn Quốc, Trung Quốc, Cu Ba…","Số 43 Tô Hiệu, phường Ngô Quyền, thành phố Nam Định, tỉnh Nam Định",natexco.com.vn
NED,Các dịch vụ hạ tầng,"Hiện nay, Công ty có 03 nhà máy Thủy điện đang vận hành khai thác là: Nhà máy thủy điện Nậm Chiến 2 với công suất lắp đặt 32MW, Nhà máy thủy điện Nậm Công với công suất lắp đặt là 10MW, Nhà máy thủy điện Nậm Sọi với công suất lắp đặt là 10MW, cung cấp sản lượng điện hàng năm khoảng 200 triệu KWh, đóng góp vào sự phát triển của ngành điện nói chùng. Do đặc thù của ngành điện, giữa các công ty sản xuất điện không có sự cạnh tranh về thị trường tiêu thụ.","Bản Pá Công, Xã Huồi Một, Huyện Sông Mã, Tỉnh Sơn La",ned.vn
OIL,Dầu khí,"PVOIL không ngừng phấn đấu để nâng cao chất lượng dịch vụ, tính chuyên nghiệp và hiệu quả sản xuất kinh doanh. Trong đó, PVOIL luôn tạo ra môi trường làm việc tốt nhất để xây dựng một đội ngũ nhân lực chất lượng cao, chuyên nghiệp, luôn đoàn kết, gắn bó, tạo dựng niềm tin cho khách hàng, đối tác và không ngừng vươn tới những mục tiêu cao hơn trên hành trình phát triển hướng tới tương lai.","Tầng 14-18, tòa nhà PetroVietnam Tower, số 1-5 Lê Duẩn, phường Bến Nghé, quận 1, thành phố Hồ Chí Minh",https://www.pvoil.com.vn/
PAS,Vật liệu cơ bản,"Công ty Cổ phần Quốc tế Phương Anh (PAS) thành lập vào năm 2010, là công ty thép hàng đầu của Việt Nam chuyên cung cấp các chủng loại thép và sản phẩm kim loại như thép không gỉ, thép cán nóng, thép cán nguội, thép mạ, thép silic,....Công ty có trụ sở và nhà máy đặt tại Hưng Yên và các chi nhánh tại Hà Nội, thành phố Hồ Chí Minh.","Thôn Tứ Mỹ, xã Phùng Chí Kiên, thị xã Mỹ Hào, tỉnh Hưng Yên",www.phuonganhgroup.com.vn
PFL,Tài chính,"Công ty là doanh nghiệp mới nhưng đã nhanh chóng vươn lên trở thành doanh nghiệp có uy tín trong ngành kinh doanh bất động sản nói chung và lĩnh vực đầu tư kinh doanh các dịch vụ về nhà ở, khu đô thị nói riêng. Về tất cả các mặt như: Thương hiệu, Quy mô, Công nghệ, Thị trường, Chiến lược phát triển, Trình độ tay nghề và Kinh nghiệm của người lao động… Công ty khẳng định sánh ngang hàng với các đơn vị mạnh khác trong cùng ngành.","Tầng 2, Tòa nhà Dolphin Plaza, số 28 Trần Bình, Từ Liêm, Hà Nội.",http://daukhidongdo.vn/
PGB,Tài chính,"Ngân hàng TMCP Xăng dầu Petrolimex là một trong những ngân hàng được thành lập lâu đời từ năm 1993. Trải qua 27 năm hình thành và phát triển, PGBank đã xây dựng được thương hiệu và vị thế riêng trên thị trường tài chính ngân hàng, đặc biệt với hệ thống các doanh nghiệp xăng dầu. Định hướng trở thành một trong những ngân hàng TMCP đa năng tại VN thực hiện cung cấp các dịch vụ tài chính ngân hàng chất lượng cao dựa trên đội ngũ nhân viên nhiệt tình, chuyên nghiệp và một nên tảng công nghệ hiện đại, trong đó ưu tiên tập trung và áp dụng chiến lược khác biệt hóa để trở thành ngân hàng hàng đầu tại những lĩnh vực, dịch vụ mà PGBank có lợi thế cạnh tranh","Tầng 16, 23, 24 Tòa nhà Mipec 229 Tây Sơn, phường Ngã Tư Sở, quận Đống Đa, thành phố Hà Nội",http://www.PG Bank.com.vn/
PGV,Các dịch vụ hạ tầng,"Tổng công suất lắp đặt các nhà máy điện trong EVNGENCO 3 (không bao gồm CTCP ĐL Dầu khí Nhơn Trạch 2 và CTCP Điện Việt- Lào) đạt 6.543 MW chiếm khoảng 16% công suất đặt của toàn hệ thống điện. Phân theo loại hình nhà máy của EVNGENCO 3, thủy điện chiếm khoảng 2,26%, nhiệt điện than chiếm khoảng 5,77%, tuabin khí chiếm khoảng 6,97% công suất phát điện của toàn hệ thống điện. Các nhà máy điện của EVNGENCO 3 có trình độ công nghệ và thiết bị tương đối hiện đại.","Số 60-66 đường Nguyễn Cơ Thạch, Khu đô thị Sala, Phường An Lợi Đông, Quận Thủ Đức, Thành phố Hồ Chí Minh",http://www.genco3.com
PRT,Vật liệu cơ bản,"Tổng Công ty đã dần xây dựng được định hướng, chiến lược nhằm khẳng định thương hiệu, mở rộng phát triển trên thị trường trong và ngoài nước. Tổng công ty liên tục đổi mới, mạnh dạn đẩy mạnh phát triển trên thị trường trong và ngoài nước. Tổng công ty liên tục đổi mới, mạnh dạn đẩy mạnh phát triển, đổi mới công nghệ, lựa chọn phân khúc thị trường sản phẩm cao cấp, có giá trị cao, ít bị cạnh tranh, ứng dụng thường xuyên các giải pháp nâng cao hiệu quả sản xuất, trình độ chuyên môn, năng lực công tác, để Tổng Công ty có đầy đủ điều kiện phát triển ổn định trong những năm qua.","A128, đường 3/2, khu phố Đông Tư, phường Lái Thiêu, thị xã Thuận An, tỉnh Bình Dương",www.Protrade.com.vn
PVM,Công nghiệp,"Thế lợi lớn nhất của đơn vị là một thành viên của Tổng công ty Điện lực Dầu khí Việt Nam đã mở ra cho Công ty những định hướng hoạt động mới, tích cực hơn như cung cấp vật tư tiêu hao cho các nhà máy nhiệt điện, thủy điện, tập trung cung cấp vật tư thiết bị cho các dự án, nhà máy của PV Power và các đơn vị thành viên. Trong lĩnh vực cung cấp máy móc, thiết bị, Công ty có bề dày 60 năm kinh nghiệm trong việc tham gia cung cấp và thực hiện một số phần việc trong các dự án lớn của Tập đoàn như dự án LPG, dự án phân phối khí thấp áp của Tổng Công ty Khí Việt Nam, tham gia đấu thầu cung cấp vật tư, thiế bị cho Xí nghiệp Vietxopetro...","Số 8 Tràng Thi, phường Hàng Trống, quận Hoàn Kiếm, Hà Nội",http://vn.pvmachino.vn/
PVP,Công nghiệp,Là đơn vị thành viên của Tổng công ty Cổ phần Vận tải Dầu khí (PVTrans) đƣợc giao đảm nhận lĩnh vực kinh doanh chính là kinh doanh khai thác vận tải dầu thô. Đội tàu vận tải dầu thô chung toàn Tổng công ty hiện có 03 tàu Aframax gồm 02 tàu của Tổng công ty và 01 tàu dầu thô của Pacific. Ngoài ra Pacific còn sở hữu 01 tàu FSO Dai Hung Queen làm kho chứadầu thô nổi. Như vậy Pacific là đơn vị duy nhất trong Tổng công ty và cùng với Tổng công ty là đơn vị duy nhất trong nước sở hữu đội tàu hoạt động vận tải dầu thô.,"Tầng 3, Toà nhà PVFCCo, 43 Mạc Đĩnh Chi, Phường Đa Kao, Quận 1, Thành phố Hồ Chí Minh.",http://pacific.pvtrans.com
PXT,Công nghiệp,"Với lĩnh vực hoạt động đa chức năng, đa ngành nghề, nên PVC-PT hiện nay có một thị trường rộng lớn trải dài trên cả nước. Bằng năng lực và kinh nghiệm sẵn có trong công tác thiết kế, thi công đường ống, bồn chứa xăng dầu, bồn chứa khí hóa lỏng, chế tạo giàn khoan, chân đế giàn khoan, cũng như bảo dưỡng, sửa chữa các công trình dầu khí, lắp đặt thiết bị công nghệ, hệthống thiết bị điều khiển tự động hóa trong công nghiệp và các công trình dân dụng & công nghiệp… PVC-PT đã chế tạo, lắp đặt và tạo ra được những sản phẩm chất lượng, đem lại hiệu quả kinh tế cao và tuyệt đối an toàn.","Số 35G đường 30/4, Phường 9, TP Vũng Tàu, tỉnh Bà Rịa - Vũng Tàu",www.dobc.vn
QNS,Hàng tiêu dùng,"Trong suốt hơn 10 năm kể từ ngày hoạt động dưới hình thức công ty cổ phần, vị thế của Công ty so với các doanh nghiệp khác trong cùng ngành ngày càng được khẳng định. Những sản phẩm của QNS đã và đang được người tiêu dụng trong và ngoài nước tin tưởng và lựa chọn. Đi đôi với công tác đầu tư máy móc thiết bị, QNS tiếp tục đầu tư phát triển và thực hiện cơ giới hóa đồng bộ vùng nguyên liệu nhằm đảm bảo đồng thời năng suất và chất lượng nguồn nguyên liệu mía.","Số 02, đường Nguyễn Chí Thanh, phường Quảng Phú, thành phố Quảng Ngãi, tỉnh Quảng Ngãi",www.qns.com.vn
QTP,Các dịch vụ hạ tầng,"Nhà máy Nhiệt điện Quảng Ninh là dự án quan trọng nằm trong Quy hoạch phát triển điện lực quốc gia giai đoạn 2006-2015 có xét đến 2025 đã được Thủ tướng Chính Phủ phê duyệt kèm theo Quyết định số 110/2007/QĐ-TTg ban hành ngày 18/07/2007. Dự án Nhà máy Nhiệt điện Quảng Ninh 1 và Quảng Ninh 2 có tổng công suất 1.200 MW, sản lượng là 7,2 tỷ kWh/năm. Nhà máy Nhiệt điện Quảng Ninh có ý nghĩa tăng cường độ tin cậy cấp điện cho khu vực tam giác kinh tế Hải Phòng - Hà Nội - Quảng Ninh; giảm vốn đầu tư xây dựng lưới điện 110/220 kV tại khu vực và trở thành một trong các trung tâm nhiệt điện lớn nhất cả nước. Nhà máy Nhiệt điện Quảng Ninh sử dụng công nghệ lò than phun tiên tiến, lắp đặt các thiết bị hiện đại để xử lý môi trường triệt để nhất nhằm giảm thiểu các ảnh hưởng từ quá trình hoạt động củaNhà máy tới môi trường.","Tổ 33, khu 5, phường Hà Khánh, thành phố Hạ Long, tỉnh Quảng Ninh",http://www.quangninhtpc.com/
SBS,Tài chính,"Sau hơn 10 năm biến động và thăng trầm, bằng những nỗ lực và cố gắng của tập thể cán bộ nhân viên và lãnh đạo Công ty, kể từ ngày 11/10/2013, SBS đã đưa tỷ lệ an toàn vốn khả dụng lên mức trên 180%. SBS là trường hợp công ty chứng khoán đầu tiên của Việt Nam thực hiện tái cấu trúc thành công. SBS sẽ từng bước xây dựng đội ngũ môi giới chuyên nghiệp mang lại cho khách hàng những tiện ích và dịch vụ tốt nhất.","278 Nam Kỳ Khởi Nghĩa, Võ Thị Sáu, Quận 3, Tp.HCM",www.sbsc.com.vn
SD3,Công nghiệp,"Công ty Cổ phần Sông Đà 3 là đơn vị thành viên của Tổng Công ty Sông Đà – Bộ Xây dựng, tiền thân là Công ty xây dựng trường Đảng Campuchia, Các sản phẩm của Công ty sản xuất theo đơn đặt hàng của khách hàng, có thể chia thành 2 nhóm chính như sau: Thi công các công trình công nghiệp, giao thông, thủy lợi và dân dụng: bao gồm nhà máy thủy điện, cầu, đường bộ, đập ngăn nước, kênh dẫn nước, cửa nhận nước, cống, kênh mương, nhà, xưởng công nghiệp và dân dụng; Và sản xuất các loại vật liệu xây dựng: vữa bê tông, đá dăm, đá hộc. Trong đó, Công ty đã khẳng định được vị thế và uy tín trên thị trường trong xây lắp và thi công bê tông cho các công trình thuỷ điện.","Đường Võ Nguyên Gíap, thị trấn Măng Đen, Huyện Kon Plông, Tỉnh Kon Tum",songda3.vn
SD7,Công nghiệp,"Công ty Cổ phần Sông Đà 7 hiện nay là công ty con của Tổng công ty Sông Đà. Lĩnh vực kinh doanh chính của SD7 là: Xây lắp và sản xuất công nghiệp. Trong đó, Sản phẩm xây lắp chiếm tỷ trọng lớn nhất trong cơ cấu doanh thu với các sản phẩm chính như thi công các công trình thuỷ điện, công trình đường giao thông, công trình nhà ở dân dụng; thứ hai là nhóm Sản xuất công nghiệp với các sản phẩm chủ yếu: sản xuất đá, cát nhân tạo, vữa bê tông tươi và bê tông đầm lăn phục vụ cho các đơn vị xây lắp.","Tiểu khu 5, thị trấn Ít Ong - Huyện Mường La – Tỉnh Sơn La.",songda7.com.vn
SDD,Công nghiệp,"CTCP Đầu tư và Xây lắp Sông Đà là một trong những đơn vị có uy tín và kinh nghiệm trong Tổng Công ty, luôn tự chủ động tiếp thị đấu thầu tìm kiếm công việc mở rộng sản xuất kinh doanh. Nhìn chung, hoạt động xây lắp là thế mạnh và cũng là ngành nghề truyền thống của Công ty. Với chiến lược đầu tư và mở rộng ngành nghề sản xuất, Công ty chủ trương xây dựng hệ thống tiếp thị phù hợp với năng lực và quy mô của mình. Trong giai đoạn 2007 – 2010, Công ty duy trì và phát triển các ngành nghề truyền thống như xây lắp, đầu tư kinh doanh thủy điện vừa và nhỏ, khai thác vật liệu, khoan nổ phá đá công trình, xây dựng các công trình thủy lợi, thủy điện, dân dụng, kinh doanh vật tư và phát triển sang lĩnh vực đầu tư bất động sản, đầu tư tài chính, kinh doanh và khai thác khoáng sản.","Tầng 19, Tòa nhà Vinaconex số 34 Láng Hạ, P. Láng Hạ, Đống Đa, HN",http://www.songdaic.com.vn
SDP,Công nghiệp,"Trong những năm gần đây, Công ty đã đẩy mạnh ký kết các hợp đồng làm tổng thầu xây lắp và làm chủ đầu tư quy hoạch dự án khu dân cư tạo tiền đề để các hoạt động khác phát triển theo. Công ty đã đầu tư góp vốn vào một số đối tác chiến lược để củng cố mối quan hệ gắn kết trong sản xuất kinh doanh và uy tín với ập đoàn Dầu khí Việt Nam, các Tổng Công ty như Tổng Công ty Sông Đà, Tổng Công ty Sông Hồng, Tổng Công ty Xây dựng Hà Nội. Công ty Cổ phần Thương mại và Vận tải Sông Đà đã tạo được uy tín và vị thế, đồng thời nắm bắt được những cơ hội đầu tư trở thành đối tác tham gia vào các dự án kinh tế của Tập đoàn Dầu khí Việt Nam và các Tổng Công ty trên.","ngõ 795 Quang Trung, Phú La, Hà Đông, HN",http://www.sdp.com.vn
SGB,Tài chính,"SAIGONBANK không ngừng nỗ lực tăng cường năng lực tài chính cho Ngân hàng. Trên cơ sở đó tiếp tục đầu tư đổi mới công nghệ hiện đại và mở rộng mạng lưới hoạt động của ngân hàng tại các Tỉnh, Thành phố lớn trên cả nước. Đến tháng 06/2020, mạng lưới hoạt động của SAIGONBANK bao gồm Hội sở, 33 chi nhánh, 55 phòng giao dịch, 01 trung tâm kinh doanh thẻ và 01 công ty con. Các chi nhánh tập trung tại các thành phố lớn của khu vực Miền Bắc, Miền Trung, Miền Nam và Tây Nguyên, SAIGONBANK đang tiếp tục mở rộng mạng lưới các chi nhánh đến các tỉnh thành trên cơ sở tăng vốn điều lệ. Ngân hàng nhắm đến mục tiêu tăng khả năng tiếp cận của khách hàng với ngân hàng và cạnh tranh với các ngân hàng khác nhằm khẳng định tên tuổi SAIGONBANK trong sự lựa chọn của mỗi khách hàng","2C Phó Đức Chính, phường Nguyễn Thái Bình, quận 1, thành phố Hồ Chí Minh",www.SAIGONBANK.com.vn
SGI,Hàng tiêu dùng,"SG3 Group là tập đoàn tư nhân kinh doah đa ngành nghề, hoạt động hiệu quả trong nhiều lĩnh vực như: sản xuất, bất động sản và tài chính với số vốn còn khiêm tốn, tương đối nhỏ sơ với các tập đoàn nhà nước hay tập đoàn tư nhân lâu đời khác của Việt Nam như Vingroup hay Masan. Tuy còn nôn trẻ nhưng Công ty đang trên đà phát triển và mở rộng cả về năng lực sản xuất, vốn và thị trường với các mảng kinh doanh của các công ty thành viên có nhiều lợi thế.","47 đường số 17, khu phố 3, phường Hiệp Bình Phước, thành phố Thủ Đức, thành phố Hồ Chí Minh",www.saigon3group.com.vn
SGP,Công nghiệp,"Là thương cảng tổng hợp loại I có quy mô lớn nhất trong hệ thống cảng biển của Việt Nam với gần 3.000m cầu cảng nằm dọc theo sông Sài Gòn và sông Cái Mép - Thị Vải cùng hệ thống kho bãi, trang thiết bị, công nghệ tiên tiến và đồng bộ, đã được tổ chức BVQI (Bureau Veritas Quality International) cấp chứng chỉ ISO 9001:2000 vào năm 2004 về khai thác và cung ứng dịch vụ container. Cảng Sài Gòn xây dựng được mối quan hệ thân thiết với các khách hàng truyền thống có sản lượng lớn thông qua Cảng.","Số 03 Nguyễn Tất Thành, phường 12, Quận 4, thành phố Hồ Chí Minh",www.csg.com.vn
SKH,Hàng tiêu dùng,"Sản xuất kinh doanh chính của Công ty là sản phẩm nước yến sào mang thương hiệu Sanest Khánh Hòa. Hiện nay, sản phẩm này chiếm vị trí hàng đầu thị trường trong nước với 1.000 nhà phân phối và Đại lý, Showroom khắp 63 tỉnh thành. Sau khi CPH, Công ty sẽ tiếp tục giữ vững thương hiệu và thị phần tại thị trường hiện có, khai thác tối đa khách hàng ở các thị trường trọng điểm như Khánh Hòa, TP.HCM, Đà Nẵng, Hà Nội....Bệnh cạnh đó, Sản phẩm nước yên sào Sanest của Công ty còn được xuất khẩu đến nhiều nước trên thế giới như Hồng Kong, Trung Quốc, Singapore, Hàn Quốc....","Quốc lộ 1A, thôn Mỹ Thanh, xã Cam Thịnh Đông, thành phố Cam Ranh, Tỉnh Khánh Hòa",www.sanestkhanhhoa.com.vn
SRB,Công nghệ,"Hoạt động kinh doanh chính của Công ty là đào tạo công nghệ thông tin và sản xuất phần mềm tin học. Ngoài ra, SRB còn thực hiện kinh doanh máy vi tính, thiết bị văn phòng, thiết bị ngoại vi, sản xuất phần mềm tin học; Đại lý nhận lênh giao dịch chứng khoán và Kinh doanh khách sạn. Hiện công ty có 2 chi nhánh trực thuộc đó là Chi nhánh SARA Hi-tech và Chi nhánh khách sạn SARA Thành Vinh.",Km số 2 - Đại lộ V.I LêNin - Thành phố Vinh - Tỉnh Nghệ An,http://www.srb.vn
SRT,Công nghiệp,"Công ty là một đơn vị dẫn đầu Tổng công ty Đường sắt Việt Nam về kết quả hoạt động sản xuất kinh doanh vận tải đường sắt và chất lượng dịch vụ những năm qua. Hiện tại, cả nước có 03 Công ty kinh doanh lĩnh vực vận tải hành khách đường sắt là CTCP Vận tải Đường sắt Hà Nội, CTCP Thương mại đường sắt và CTCP vận tải Đường sắt Sài Gòn. Với 09 chi nhanh hoạt động kinh doanh trên toàn mạng lưới đường sắt quốc gia, Công ty có tiềm năng rất lớn trong việc khai thác các mảng kinh doanh dịch vụ trong ngành vận tải đường sắt.","Số 136 Hàm Nghi, phường Bến Thành, quận 1, thành phố Hồ Chí Minh",www.Saigonrailway.com.vn
SSH,Tài chính,"Công ty cổ phần Phát triển Sunshine Homes là doanh nghiệp thuộc nhóm bát động sản được thành lập vào năm 2015, mặc dù tuổi đời còn non trẻ nhưng Công ty đã khẳng định mình là một nhà phát triển bất động sản có năng lực với việc triển khai thành công dự án Sunshine Center, với quy mô 214 căn hộ. Công ty đang đầu tư hàng loạt dự án bất đọng sản khác có quy mô lớn như Sunshine City Hà Nội, Sunshine Diamond River, Sunshine Wonder Villas. So với các công ty trong ngành Bất động sản, quy mô vốn và Tài sản của Công ty ở mức trung bình.","Tầng 9, Tòa nhà Sunshine Center, 16 Phạm Hùng, Phường Mỹ Đình, Quận Nam Từ Liêm, Thành phố Hà Nội",ssh.vn
STH,Dịch vụ tiêu dùng,"CTCP phát hành sách Thái Nguyên có thời gian hoạt động hơn 15 năm trong ngành, với kinh nghiệm và bề dày hoạt động trong ngành kinh doanh sách và văn phòng phẩm, thiết bị giáo dục cũng như trên địa bàn tỉnh Thái Nguyên. Công ty đã tạo dựng được mạng lưới đối tác, khách hàng thường xuyên trong và ngoài tỉnh. Việc hoàn thành tăng vốn điều lệ lên 65 tỷ đồng trong năm 2019 đã giúp Công ty có thêm nguồn lực mới để phát triển hoạt động kinh doanh, chịu ít áp lực lãi suất từ nguồn vốn vay hơn giúp Công ty tăng năng lực cạnh tranh trên thị trường.","Số 65, tổ 2, đường Hoàng Văn Thụ, phường Phan Đình Phùng, thành phố Thái Nguyên, tỉnh Thái Nguyên",www.sthc.com.vn
TBD,Công nghiệp,"Tổng Công ty Thiết bị điện Đông Anh tiền thân là một cơ sở sửa chữa, được các đơn vị trong ngành gọi là “Bệnh viên đa khoa của ngành điện” chuyên đảm trách nhiệm vụ sửa chữa thiết bị công nghệ cho hệ thống nguồn và lưới điện truyền tải của Bộ Năng lượng, tiếp đến là thực hiện nhiệm vụ sửa chữa thiết bị công nghệ và chế tạo sản phẩm thiết bị điện cung cấp cho các dự án phát triển lưới điện của Tập đoàn Điện lực Việt Nam. Tổng Công ty đã từng bước trưởng thành và không ngừng phát triển về mọi mặt và trở thành một doanh nghiệp hàng đầu ở Việt Nam về sản xuất thiết bị cơ khí điện. Tổng Công ty là đơn vị đầu tiên chế tạo thành công máy biến áp 110kV, hiện nay là doanh nghiệp duy nhất ở Việt Nam chế tạo thành công máy biến áp 220kV và 500kV của Tập đoàn Điện lực Việt Nam.","Số 189, Đường Lâm Tiên, Thị trấn Đông Anh, Huyện Đông Anh, TP.Hà Nội",www.eemc.com.vn
TCI,Tài chính,"Vốn điều lệ của TCSC là 360 tỷ  đồng, được xem là Công ty chứng khoán có VĐL ở mức trung bình trên thị trường chứng khoán Việt Nam. Nếu so với các công ty chứng khoán có vốn tương đương, TCSC là cao nhất trong nhóm các doanh nghiệp so sánh tương đương khác. Điều này phản ánh về mức an toàn tài chính và đảm bảo tính thanh khoản cho TCSC. Bên cạnh tình hình vay vợ rất ít, lượng tiền mặt của TCSC cũng vượt trội so với các doanh nghiệp trong ngành.","Lầu 2, số 6 Hồ Tùng Mậu, phường Nguyễn Thái Bình, quận 1, thành phố Hồ Chí Minh",www.tcsc.vn
TID,Hàng tiêu dùng,"Qua 28 năm hoạt động, từ một đơn vị được thành lập với vốn ban đầu 15 triệu đồng, nhân sự 10 người, Tổng Công ty Tín Nghĩa đã tăng trưởng không ngừng và đạt được vị thế đáng kể. Thương hiệu Tín Nghĩa đã được cộng đồng doanh nghiệp ghi nhận và đánh giá cao. Năm 2017, Tín Nghĩa tiếp tục đứng trong Top 500 doanh nghiệp lớn nhất Việt Nam, bên cạnh đó được tôn vinh là “Thương hiệu Quốc gia”, Giải thưởng “Chất lượng Quốc gia” và “Doanh nghiệp vì Người lao động”.","96 Hà Huy Giáp, phường Quyết Thắng, thành phố Biên Hòa, tỉnh Đồng Nai",www.tinnghiacorp.com.vn
TIS,Vật liệu cơ bản,"TIS là đơn vị chiếm giữ thị phần lớn với 12,7% tại thị trường miền Bắc, nguồn nguyên vật liệu của TIS luôn chiếm lợi thế so với các doanh nghiệp khác trong ngành, là đơn vị sản xuất đa dạng nhất các chủng loại sản phẩm từ thép cuộn, thép thanh trơn và vằn..., cơ cấu sản phẩm tương đối đầy đủ, là một lợi thế riêng so với các nhà sản xuất khác.","Tổ 13, Phường Cam Giá, thành phố Thái Nguyên, tỉnh Thái Nguyên",www.tisco.com.vn
TL4,Công nghiệp,"Tổng Công ty Xây dựng Thủy lợi 4 – CTCP (“Tổng Công ty”) là một trong những đơn vị đi đầu trong công tác xây dựng các công trình thủy điện, thủy lợi trên rộng khắp các địa bàn trong cả nước. Với hơn 37 năm kinh nghiệm, Tổng Công ty đã từng bước khẳng định năng lực và trình độ công nghệ của mình qua các công trình lớn, có ý nghĩa hết sức quan trọng trong công cuộc công nghiệp hóa, hiện đại hóa và phát triển kinh tế đất nước. Hiện tại, Tổng Công ty vẫn đang giữ vị trí tiên phong trong việc thực hiện các dự án lớn, trong đó tiêu biểu là dự án công trình thủy lợi Tả Trạch – tỉnh Thừa Thiên Huế với vai trò là thành viên đứng đầu Liên doanh đảm nhận thi công đập chính, đây là đập đất có chiều cao lớn nhất Việt Nam hiện nay. Các công trình Tổng Công ty thực hiện mang ý nghĩa chiến lược trong sự phát triển kinh tế xã hội, góp phần đảm bảo an ninh năng lượng của đất nước.","205A Nguyễn Xí, phường 26, quận Bình Thạnh, thành phố Hồ Chí Minh",www.thuyloi4.com.vn
TNS,Vật liệu cơ bản,"So với các đơn vị khác trong ngành, công suất của TNFS khá thấp, điều này đã làm giảm khả năng cạnh tranh trong việc cung cấp các hợp đồng lớn so với nhiều đơn vị khác trong cùng ngành. Bên cạnh đó, việc huy động vốn cho sản xuất kinh doanh cũng còn hạn chế do tình hình tài chính còn khó khăn, do vậy việc linh hoạt trong các chính sách khách hàng không chiếm được nhiều ưu thế vượt trội so với nhiều đơn vị lớn trong ngành. Theo đánh giá của Ban lãnh đạo Công ty, các ưu thế cạnh tranh của TNFS chỉ được thay đổi tốt hơn khi tình hình tài chính của Công ty được cải thiện tốt, điều này phụ thuộc vào vấn đề cơ cấu nguồn vốn vay cũng như vốn cổ phần của Công ty.","Khu công nghiệp Phú Mỹ I, huyện Tân Thành, tỉnh Bà Rịa – Vũng Tàu",www.tnsteel.vn
TTN,Viễn thông,"Một trong những cổ đông chính của VNTT là Tập đoàn bưu chính Viễn thông Việt Nam. VNPT là doanh nghiệp cung cấp hạ tầng mạng viễn thông hàng đầu tại Việt Nam. VNTT và VNPT đã có những cam kết thỏa thuận hợp tác chiến lược trong việc sử dụng mạng lưới, phối hợp cung cấp dịch vụ viễn thông trong nước và quốc tế. VNTT và VNPT đã có thỏa thuận hợp tác chiến lược để đầu tư và cung cấp dịch vụ viễn thông, công nghệ thông tin trong các khu VNTT được khai thác, cấp cấp dịch vụ. Đối thủ cạnh tranh chính của Công ty là các nhà cung cấp dịch vụ viễn thông internet khác không có thỏa thuận hợp tác chiến lược nhưng có khả năng cung cấp các cấp dịch vụ viễn thông tương tự VNTT trên các địa bàn hoạt động của VNTT. Chủ yếu là FPT Telecom và Viettel.","21 VSIP II đường số 1, khu công nghiệp Việt Nam – Singapore II, phường Phú Hòa,",www.vntt.com.vn
TVN,Vật liệu cơ bản,"Trong vòng 20 năm, VNSTEEL đã đạt được sự tăng trưởng mạnh. Tính đến năm 2014, sản lượng thép cán tăng gấp 6,6 lần so với năm 1995. Trong đó, sản phẩm chủ lực của Tổng công ty là thép xây dựng, hiện đang chiếm trên 40% thị phần trong Hiệp hội Thép Việt Nam. Sản lượng phôi thép đạt được năm 2014 tăng 4,5 lần so với năm 1995, đáp ứng phần lớn phôi thép cho nhu cầu cán thép của Tổng công ty. Những năm gần đây, VNSTEEL đóng góp vai trò là công cụ quan trọng của Nhà nước thực hiện bình ổn, kiểm soát thị trường thép trong nước, tham gia tích cực vào việc xây dựng, tham vấn chính sách và quy hoạch phát triển ngành thép với các cơ quan quản lý Nhà nước. Là đơn vị sáng lập ngành thép, VNSTEEL đã đóng góp tích cực vào hoạt động có hiệu quả của ngành, là nôi đào tạo nhiều cán bộ cao cấp cho các doanh nghiệp thép trong nước.","Số 91 Láng Hạ, quận Đống Đa, Hà Nội",http://vnsteel.vn
VAB,Tài chính,"Ngân hàng TMCP Việt Á là một ngân hàng trẻ, năng động. Trải qua 16 năm xây dựng và phát triển, VAB đã đạt được những thành tựu quan trọng, từng bước khẳng định vị thế trên thị trường là một ngân hàng được tín nhiệm cao, chất lượng dịch vụ tốt, mặt bằng lãi suất hấp dẫn và sản phẩm dịch vụ linh hoạt. VAB không ngừng hoàn thiện cơ chế hoạt động, đào tạo đội ngũ cán bộ, trở thành một điểm đến được khách hàng tin tưởng, có thái độ phục vụ tận tâm, là điểm tựa vững chắc cho khách hàng cá nhân và doanh nghiệp.","Tầng 4 và 5, tòa nhà Samsora Premier số 105 Chu Văn An, Yết Kiêu, Hà Đông, Hà Nội",https://vietabank.com.vn/
VBB,Tài chính,"Ngân hàng có quy mô không lớn, vốn chủ sở hữu của Vietbank nằm trong nhóm có năng lực tài chính thấp, tuy nhiên về cấn đối nguồn, Vietbank thuộc nhóm ngân hàng có tỷ lệ đòn bẩy thấp, thiên về sử dụng vốn tự có hơn vay nợ. Vietbank luôn đáp ứng tốt chỉ tiêu an toán về thanh khoản của NHNN. Bên cạnh đó, Vietbank có sự tăng trưởng tích cực khi xếp ở nhóm giữa trong số các ngân hàng thương mại về các chỉ số ROA, ROE, NIM.","47 Trần Hưng Đạo, Phường 3, Thành phố Sóc Trăng, Tỉnh Sóc Trăng, Việt Nam",www.vietbank.com.vn
VCR,Tài chính,"Vinaconex – ITC được thành lập tháng 3 năm 2008, tuy thời gian hoạt động mới chỉ có 2 năm nhưng vị thế của Công ty đã được khẳng định trong ngành Bất động sản nhờ những thế mạnh được hình thành ngày từ khi mới thành lập và được củng cố trong suốt 2 năm hoạt động...","Tầng 12, Tòa nhà Vinaconex,số 34 Láng Hạ, Đống Đa, HN",www.vinaconexitc.com.vn
VE9,Công nghiệp,"Công ty cổ phần xây dựng điện VNECO 9 là doanh nghiệp chuyên trong lĩnh vực xây dựng điện, lĩnh vực khách sạn và du lịch. VNECO 9 là nhà thầu có uy tín với các chủ đầu tư trong lĩnh vực xây dựng điện, là bạn hàng tin cậy của các ngân hàng thương mại, các nhà cung cấp vật tư hàng hoá và dịch vụ, là đối tác được đánh giá cao trong hoạt động liên kết đầu tư.","Tầng trệt C4 - C5, CC Chợ Đầm, Xương Huân, Tp. Nha Trang, Khánh Hòa",www.vneco9.com
VEA,Công nghiệp,"Hiện nay, thị trường tiêu thụ động cơ diesel nhỏ (dưới 30 mã lực), máy kéo và máy nông nghiệp từ 03 nguồn chính, gồm: Sản phẩm nội địa, sản phẩm nhập khẩu Trung Quốc và các máy cũ nhập khẩu từ Nhật, Hàn Quốc... Sản phẩm nội địa chủ yếu do các đơn vị của Tổng công ty Máy Động lực và Máy Nông nghiệp Việt Nam (VEAM) sản xuất và lắp ráp. Sản phẩm của Trung Quốc gồm hai dòng chính, nhập khẩu từ các nhà sản xuất chính thống và nhập khẩu biên mậu từ các nhà sản xuất tư nhân chủ yếu là các máy nhái, máy giả nhãn hiệu của các nhà sản xuất chính thống.","Lô D, khu D1, phường Phú Thượng, quận Tây Hồ, thành phố Hà Nội",www.veamcorp.com
VFS,Tài chính,"Công ty ra đời vào thời điểm cuối năm 2008 với nghiệp vụ Môi giới chứng khoán, Tư vấn đầu tư chứng khoán. tự doanh chứng khoán. Đến nay, với định hướng chiến lược đúng đắn và đầu tư có hiệu quả, VFS đã gây dựng được vị thế nhất định trên thị trường chứng khoán Việt Nam sau 12 năm hoạt động và phát triển.","Lầu 1, số 117 – 119 – 121 Nguyễn Du, phường Bến Thành, quận 1, thành phố Hồ Chí Minh",www.vfs.com.vn
VGI,Công nghệ,"Vị thế của Viettel Global ngày càng được củng cố và mở rộng. Sau 11 năm đầu tư ra nước ngoài, đến nay quy mô thị trường đã hoạt động tại 9 quốc gia (4 quốc gia châu Á, 4 quốc gia châu Phi và 1 quốc gia châu Mỹ), phục vụ gần 40 triệu khách hàng quốc tế sử dụng dịch vụ di động, internet băng rộng, điện thoại cố định và không dây. Tại các quốc gia Viettel Global đầu tư, hầu hết, thương hiệu mạng viễn thông của Tổng Công ty đều đứng vị trí thứ nhất. Tốc độ tăng trưởng hàng năm của các thị trường đều đạt tối thiểu 20-30%, cao gấp gần 10 lần so với tốc độ tăng trưởng chung của toàn ngành viễn thông thế giới.","Tầng 39-40 Keangnam Ha Noi Landmark Tower, Khu E6, KĐT Cầu Giấy, Mễ Trì, Nam Từ Liêm, HN",www.viettelglobal.vn
VGT,Hàng tiêu dùng,"Với lịch sử 50 năm hình thành và phát triển, vinatex là đơn vị dẫn đầu ngành Dệt may Việt Nam. Vinatex có đầy đủ các thành phần cần thiết để xây dựng chuỗi cung ứng hoàn chỉnh, làm nền tảng để Vinatex tiến từ hình thức CMT gia công thuần túy lên hình thức Sản xuất xuất khẩu ODM. Ngoài ra, các công ty thành viên của Vinatex cũng tự xây dựng các cửa hàng thời trang mang nhãn nhiệu riêng phục vụ thị trường nội địa. Vinatex và các công ty thành viên hiện đã đạt đến trình độ tiên tiến, có khả năng thực hiện hầu hết mọi loại đơn hàng với cấp chất lượng khác nhau.","25 Bà Triệu, Hoàn Kiếm, Hà Nội",www.vinatex.com.vn
VGV,Công nghiệp,"Tổng Công ty luôn đi đầu trong áp dụng kỹ thuật, công nghệ, tìm kiếm giải pháp thiết kế, xu hướng sáng tác kiến trúc. Thành quả từ những sáng tạo và nghiên cứu ứng dụng của Tổng công ty luôn được ghi nhận và đánh giá cao không chỉ trong thực tiễn và còn được vinh danh trong nhiều giải thưởng kiến trúc trong nước và quốc tế. Tổng công ty là tổ chức đạt nhiều giải thưởng kiến trúc quốc gia nhất và nhiều năm liên tiếp đạt giải thưởng Topten BCI Asia - giải thưởng vinh danh 10 công ty kiến trúc nổi tiếng nhất Châu Á.","243 Đê La Thành, phường Láng Thượng, quận Đống Đa, thành phố Hà Nội",www.vncc.vn
VHG,Tài chính,"Sau 10 năm trưởng thành và phát triển, VHG đã xây dựng được thương hiệu và hình ảnh vững chắc về doanh nghiệp sản xuất và cung cấp sản phẩm viễn thông, sản phẩm nhựa như cáp quang, cáp điện, các sản phẩm nhựa, omposite FRP. Khách hàng của Công ty là những tập đoàn lớn như FPT, Viettel,...","Lô 04 KCN Điện Nam, Điện Ngọc, P. Điện Ngọc, TX Điện Bản tỉnh Quảng Nam",qnr.vn
VLG,Công nghiệp,"Trong năm 2014 nền kinh tế trong nước vẫn chưa khởi sắc, những doanh nghiệp hoạt động trọng lĩnh vực vận tải cũng chịu sự tác động mạnh mẽ do chính sách của Nhà nước thay đổi, các loại phí, phụ phí tăng, sự cạnh tranh khốc liệt giữa các đơn vị hoạt động cùng ngành trong và ngoài nước khiến cho hoạt động Logistics của Công ty còn gặp nhiều khó khăn. Bằng nỗ lực phấn đấu không ngừng, khắc phục những khó khăn khách quan và chủ quan, Công ty đã tạo dựng và duy trì được chỗ đứng của mình và là một trong những đơn vị uy tín trong việc cung ứng các dịch vụ logistics ở cả ba lĩnh vực: kinh doanh vận tải đa phương thức (đường bộ, đường sắt, đường biển và đường hàng không), dịch vụ tạm nhập tái xuất và kho ngoại quan.","phòng 405, Tòa nhà Ocean Park, số 1 Đào Duy Anh, Phương Mai, Đống Đa, Hn",www.vimclogistics.com.vn
VNA,Công nghiệp,"Thành lập từ năm 1984, Vinaship có bề dày lịch sử lâu dài, có uy tín lớn trong lĩnh vực dịch vụ hàng hải trong nước và quốc tế với nhiều khách hàng truyền thống. Vinaship có mạng lưới các đơn vị trực thuộc tại các Cảng biển và Thành phố lớn của Việt Nam, do vậy Công ty có thể tận dụng được ưu thế về vị trí địa lý. Xét về phương diện quy mô vốn, số tấn trọng tải Đội tàu và thị phần vận tải thì Vinaship được coi là một trong các doanh nghiệp vận tải biển lớn thuộc Tổng Công ty Hàng hải Việt Nam. Công ty cũng đã xác lập được thương hiệu ""Vinaship"" trong thị trường vận tải trong nước cũng như thị trường vận tải quốc tế, đặc biệt là hoạt động vận tải hàng xuất nhập khẩu của Việt Nam và các nước Khu vực Đông Nam Á và Bắc Á.","Số 1 Hoàng Văn Thụ, Phường Minh Khai, Quận Hồng Bàng, Hải Phòng.",www.vinaship.com.vn
VNB,Dịch vụ tiêu dùng,"Với bề dày truyền thống lâu năm, Công ty là một trong các doanh nghiệp đầu ngành, luôn được đánh giá tốt về chất lượng nội dung, kỹ thuật và mỹ thuật của các xuất bản phẩm. Lấy chữ tín làm nền tảng phát triển, Công ty phấn đấu giữ vững uy tính thương hiệu của mình và phát triển mang đậm nét văn hóa riêng của Công ty trong tiến trình hội nhập kinh tế.","Số 44 Tràng Tiền, phường Tràng Tiền, quận Hoàn Kiếm, Hà Nội",www.savina.com.vn
VNH,Hàng tiêu dùng,"Việt Việt Nhật là một trong năm Công ty có quy mô và thị phần lớn của cả nước về sản xuất chế biến xuất khẩu ghẹ và chỉ đứng sau một số công ty có vốn 100% nước ngoài. Một số công ty chế biến và xuất khẩu ghẹ là đối thủ cạnh tranh của Việt Nhật như: Công ty Cổ phần Chế biến thủy sản – Xuất nhập khẩu Việt Cường, Công ty Mai Linh, Công ty Philips, Công ty Đồ hộp Hạ Long… Việt Nhật tuy là doanh nghiệp thuộc ngành thủy sản nhưng khác với các doanh nghiệp khác chủ yếu xuất khẩu cá tra, cá basa, tôm, mực đông lạnh; sản phẩm của Việt Nhật chủ yếu là sản phẩm chế biến và đồ hộp xuất khẩu. Đây là những sản phẩm mang lại giá trị gia tăng cao và xu hướng chung của ngành cũng chuyển dần từ các sản phẩm đông lạnh sang sản phẩm chế biến.","Lô A59/I, Đường số 7, KCN Vĩnh Lộc, Bình Hưng Hòa B, Bình Tân, Tp.HCM",www.vietnhat.com
VNP,Vật liệu cơ bản,"Trải qua nhiều năm hoạt động và phát triển, Vinaplast đã khẳng định được thương hiệu của mình trên thị trường nhựa Việt Nam, gặt hái được nhiều thành tựu và tạo được niềm tin đối với khách hàng và đối tác. Để đạt được những thành quả trên, Vinaplast đã từng bước xây dựng và khẳng định những lợi thế của mình như sau: Là đơn vị nòng cốt thực hiện vai trò quản lý ngành: Tiền thân là Tổng Công ty Nhựa Việt Nam, Vinaplast được thành lập với vai trò trở thành đơn vị nòng cốt thay thế Bộ Công nghiệp để thực hiện vai trò điều tiết và quản lý các đơn vị trong ngành. Nhằm thực hiện mục tiêu và nhiệm vụ do Đảng và Nhà nước giao phó, trong thời gian qua Công ty đã thực hiện tốt vai trò là đơn vị chủ lựctrong việc điều phối hoạt động của ngành nhựa trong nước.","300B Nguyễn Tất Thành, phường 13, quận 4, Tp. Hồ Chí Minh",www.vinaplast.com.vn
VOC,Hàng tiêu dùng,"Vocarimex hoạt động theo mô hình Công ty mẹ - công ty con - công ty liên kết đã tạo ra thế mạnh trong phát triển ngành là xu hướng khách quan trong bối cảnh hội nhập kinh tế quốc tế và cạnh tranh ngày càng gay gắt trên thị trường. Trong các năm qua, toàn tổ hợp của Vocarimex phát triển mạnh, giữ vững vị trí đầu đàn và vai trò chủ đạo trong ngành. Là những nhà sản xuất chủ yếu cung cấp dầu thực vật cho thị trường trong nước và xuất khẩu. Nếu xét quy mô doanh nghiệp của ngành thì Vocarimex, các công ty con và các công ty liên kết là các doanh nghiệp có quy mô lớn về số lao động, tài sản, thiết bị, công nghệ hiện đại.","58 Nguyễn Bỉnh Khiêm, phường ĐaKao, quận 1, thành phố Hồ Chí Minh",www.vocarimex.com.vn
VTD,Dịch vụ tiêu dùng,"Trải quan hơn 8 năm xây dựng và  trưởng thành, Công ty đã có hơn 50 nhân viên và gần 300 công tác viên chuyên nghiệp hoạt động trong lĩnh vực lữ hành cùng 3 đối tác chiến lược là các doanh nghiệp lữ hành uy tín tại Mỹ, Châu Âu, Singapore. Đến Nay, Vietourst là một trong những doanh nghiệp lữ hành đã có chỗ đứng nhất định của Việt Nam và đang có tốc độ phát triển nhanh chóng.","154 Lý Chính Thắng, P. 7, Quận 3, Tp.HCM",vietourist.com.vn
VTP,Công nghiệp,"Trong hơn 9 năm, Viettel Post  đã  triển khai mạng lưới kinh doanh tại thị trường Myanma và Campuchia, không những thế, Viettel Post  còn cung cấp dịch vụ chuyển phát quốc tế đi tất cả các dự kiến sẽ tiếp tục đẩy mạnh hợp tác với các nước có thương mại song phương lớn với Việt nam tại Khu vực Châu Mỹ, Châu Âu, Châu Á.","Số 1 Giang Văn Minh, Kim Mã, Ba Đình, Hà Nội.",www.viettelpost.com.vn
XMC,Công nghiệp,"Xuân Mai với tiền thân là một đơn vị sản xuất bê tông đúc sẵn phục vụ các công ty trong nội bộ Vinaconex và các khách hàng, đã chuyển mình trong quá trình tái cấu trúc về sở hữu và cấu trúc doanh nghiệp để phấn đấu trở thành một Tổng thầu EPC uy tín và một nhà cung cấp bất động sản phù hợp với nhu cầu thị trường.","Căn hộ 1010D2 Khu Đ, Khu Phức hợp Mandarin Garden, Hoàng Minh Giám, Trung Hòa, Cầu Giấy, HN",www.xmcc.com.vn
